from,to
/,/ko/
/about.html,/ko/about/
/about,/ko/about/
/about/,/ko/about/
/blog.html,/ko/works/insight/archive/
/blog,/ko/works/insight/archive/
/blog/,/ko/works/insight/archive/
/calculator.html,/ko/works/tools/
/calculator,/ko/works/tools/
/calculator/,/ko/works/tools/
/calendar.html,/ko/works/tools/
/calendar,/ko/works/tools/
/calendar/,/ko/works/tools/
/contact.html,/ko/about/
/contact,/ko/about/
/contact/,/ko/about/
/fortune.html,/ko/works/tools/
/fortune,/ko/works/tools/
/fortune/,/ko/works/tools/
/index.html,/ko/
/index,/ko/
/index/,/ko/
/learn.html,/ko/learn/
/learn,/ko/learn/
/learn/,/ko/learn/
/list.html,/ko/works/tools/
/list,/ko/works/tools/
/list/,/ko/works/tools/
/privacy.html,/ko/legal/privacy/
/privacy,/ko/legal/privacy/
/privacy/,/ko/legal/privacy/
/blog/2026-04-02-ETH-USD.html,/ko/
/blog/2026-04-02-ETH-USD,/ko/
/blog/2026-04-02-ETH-USD/,/ko/
/blog/2026-04-02-INTC.html,/ko/
/blog/2026-04-02-INTC,/ko/
/blog/2026-04-02-INTC/,/ko/
/blog/2026-04-02-TSLA.html,/ko/
/blog/2026-04-02-TSLA,/ko/
/blog/2026-04-02-TSLA/,/ko/
/blog/2026-04-03-AAPL.html,/ko/
/blog/2026-04-03-AAPL,/ko/
/blog/2026-04-03-AAPL/,/ko/
/blog/2026-04-03-GOOGL.html,/ko/
/blog/2026-04-03-GOOGL,/ko/
/blog/2026-04-03-GOOGL/,/ko/
/blog/2026-04-03-MSFT.html,/ko/
/blog/2026-04-03-MSFT,/ko/
/blog/2026-04-03-MSFT/,/ko/
/blog/2026-04-04-AAPL.html,/ko/
/blog/2026-04-04-AAPL,/ko/
/blog/2026-04-04-AAPL/,/ko/
/blog/2026-04-04-GOOGL.html,/ko/
/blog/2026-04-04-GOOGL,/ko/
/blog/2026-04-04-GOOGL/,/ko/
/blog/2026-04-04-MSFT.html,/ko/
/blog/2026-04-04-MSFT,/ko/
/blog/2026-04-04-MSFT/,/ko/
/blog/2026-04-05-AAPL.html,/ko/
/blog/2026-04-05-AAPL,/ko/
/blog/2026-04-05-AAPL/,/ko/
/blog/2026-04-05-GOOGL.html,/ko/
/blog/2026-04-05-GOOGL,/ko/
/blog/2026-04-05-GOOGL/,/ko/
/blog/2026-04-05-MSFT.html,/ko/
/blog/2026-04-05-MSFT,/ko/
/blog/2026-04-05-MSFT/,/ko/
/blog/2026-04-06-AAPL.html,/ko/
/blog/2026-04-06-AAPL,/ko/
/blog/2026-04-06-AAPL/,/ko/
/blog/2026-04-06-GOOGL.html,/ko/
/blog/2026-04-06-GOOGL,/ko/
/blog/2026-04-06-GOOGL/,/ko/
/blog/2026-04-06-MSFT.html,/ko/
/blog/2026-04-06-MSFT,/ko/
/blog/2026-04-06-MSFT/,/ko/
/blog/2026-04-07-AVGO.html,/ko/
/blog/2026-04-07-AVGO,/ko/
/blog/2026-04-07-AVGO/,/ko/
/blog/2026-04-07-ETH-USD.html,/ko/
/blog/2026-04-07-ETH-USD,/ko/
/blog/2026-04-07-ETH-USD/,/ko/
/blog/2026-04-07-UNH.html,/ko/
/blog/2026-04-07-UNH,/ko/
/blog/2026-04-07-UNH/,/ko/
/blog/2026-04-08-INTC.html,/ko/
/blog/2026-04-08-INTC,/ko/
/blog/2026-04-08-INTC/,/ko/
/blog/2026-04-08-META.html,/ko/
/blog/2026-04-08-META,/ko/
/blog/2026-04-08-META/,/ko/
/blog/2026-04-08-VIST.html,/ko/
/blog/2026-04-08-VIST,/ko/
/blog/2026-04-08-VIST/,/ko/
/blog/2026-04-09-AMZN.html,/ko/
/blog/2026-04-09-AMZN,/ko/
/blog/2026-04-09-AMZN/,/ko/
/blog/2026-04-10-AMD.html,/ko/
/blog/2026-04-10-AMD,/ko/
/blog/2026-04-10-AMD/,/ko/
/blog/2026-04-10-AVGO.html,/ko/
/blog/2026-04-10-AVGO,/ko/
/blog/2026-04-10-AVGO/,/ko/
/blog/2026-04-10-VZ.html,/ko/
/blog/2026-04-10-VZ,/ko/
/blog/2026-04-10-VZ/,/ko/
/blog/2026-04-11-AAPL.html,/ko/
/blog/2026-04-11-AAPL,/ko/
/blog/2026-04-11-AAPL/,/ko/
/blog/2026-04-11-GOOGL.html,/ko/
/blog/2026-04-11-GOOGL,/ko/
/blog/2026-04-11-GOOGL/,/ko/
/blog/2026-04-11-MSFT.html,/ko/
/blog/2026-04-11-MSFT,/ko/
/blog/2026-04-11-MSFT/,/ko/
/blog/2026-04-12-AAPL.html,/ko/
/blog/2026-04-12-AAPL,/ko/
/blog/2026-04-12-AAPL/,/ko/
/blog/2026-04-12-GOOGL.html,/ko/
/blog/2026-04-12-GOOGL,/ko/
/blog/2026-04-12-GOOGL/,/ko/
/blog/2026-04-12-MSFT.html,/ko/
/blog/2026-04-12-MSFT,/ko/
/blog/2026-04-12-MSFT/,/ko/
/blog/2026-04-13-AAPL.html,/ko/
/blog/2026-04-13-AAPL,/ko/
/blog/2026-04-13-AAPL/,/ko/
/blog/2026-04-13-GOOGL.html,/ko/
/blog/2026-04-13-GOOGL,/ko/
/blog/2026-04-13-GOOGL/,/ko/
/blog/2026-04-13-MSFT.html,/ko/
/blog/2026-04-13-MSFT,/ko/
/blog/2026-04-13-MSFT/,/ko/
/blog/2026-04-14-AMZN.html,/ko/
/blog/2026-04-14-AMZN,/ko/
/blog/2026-04-14-AMZN/,/ko/
/blog/2026-04-14-META.html,/ko/
/blog/2026-04-14-META,/ko/
/blog/2026-04-14-META/,/ko/
/blog/2026-04-14-ORCL.html,/ko/
/blog/2026-04-14-ORCL,/ko/
/blog/2026-04-14-ORCL/,/ko/
/blog/2026-04-15-AVGO.html,/ko/
/blog/2026-04-15-AVGO,/ko/
/blog/2026-04-15-AVGO/,/ko/
/blog/2026-04-15-MSFT.html,/ko/
/blog/2026-04-15-MSFT,/ko/
/blog/2026-04-15-MSFT/,/ko/
/blog/2026-04-15-TSLA.html,/ko/
/blog/2026-04-15-TSLA,/ko/
/blog/2026-04-15-TSLA/,/ko/
/blog/2026-04-16-ABT.html,/ko/
/blog/2026-04-16-ABT,/ko/
/blog/2026-04-16-ABT/,/ko/
/blog/2026-04-16-AMD.html,/ko/
/blog/2026-04-16-AMD,/ko/
/blog/2026-04-16-AMD/,/ko/
/blog/2026-04-16-INTC.html,/ko/
/blog/2026-04-16-INTC,/ko/
/blog/2026-04-16-INTC/,/ko/
/blog/2026-04-17-HD.html,/ko/
/blog/2026-04-17-HD,/ko/
/blog/2026-04-17-HD/,/ko/
/blog/2026-04-17-NFLX.html,/ko/
/blog/2026-04-17-NFLX,/ko/
/blog/2026-04-17-NFLX/,/ko/
/blog/2026-04-17-XOM.html,/ko/
/blog/2026-04-17-XOM,/ko/
/blog/2026-04-17-XOM/,/ko/
/blog/2026-04-18-AAPL.html,/ko/
/blog/2026-04-18-AAPL,/ko/
/blog/2026-04-18-AAPL/,/ko/
/blog/2026-04-18-GOOGL.html,/ko/
/blog/2026-04-18-GOOGL,/ko/
/blog/2026-04-18-GOOGL/,/ko/
/blog/2026-04-18-MSFT.html,/ko/
/blog/2026-04-18-MSFT,/ko/
/blog/2026-04-18-MSFT/,/ko/
/blog/2026-04-19-AAPL.html,/ko/
/blog/2026-04-19-AAPL,/ko/
/blog/2026-04-19-AAPL/,/ko/
/blog/2026-04-19-GOOGL.html,/ko/
/blog/2026-04-19-GOOGL,/ko/
/blog/2026-04-19-GOOGL/,/ko/
/blog/2026-04-19-MSFT.html,/ko/
/blog/2026-04-19-MSFT,/ko/
/blog/2026-04-19-MSFT/,/ko/
/blog/2026-04-20-AAPL.html,/ko/
/blog/2026-04-20-AAPL,/ko/
/blog/2026-04-20-AAPL/,/ko/
/blog/2026-04-20-GOOGL.html,/ko/
/blog/2026-04-20-GOOGL,/ko/
/blog/2026-04-20-GOOGL/,/ko/
/blog/2026-04-20-MSFT.html,/ko/
/blog/2026-04-20-MSFT,/ko/
/blog/2026-04-20-MSFT/,/ko/
/blog/2026-04-21-AMD.html,/ko/
/blog/2026-04-21-AMD,/ko/
/blog/2026-04-21-AMD/,/ko/
/blog/2026-04-21-MRK.html,/ko/
/blog/2026-04-21-MRK,/ko/
/blog/2026-04-21-MRK/,/ko/
/blog/2026-04-21-UNH.html,/ko/
/blog/2026-04-21-UNH,/ko/
/blog/2026-04-21-UNH/,/ko/
/blog/2026-04-22-AMD.html,/ko/
/blog/2026-04-22-AMD,/ko/
/blog/2026-04-22-AMD/,/ko/
/blog/2026-04-22-DHR.html,/ko/
/blog/2026-04-22-DHR,/ko/
/blog/2026-04-22-DHR/,/ko/
/blog/2026-04-23-CRM.html,/ko/
/blog/2026-04-23-CRM,/ko/
/blog/2026-04-23-CRM/,/ko/
/blog/2026-04-23-TMO.html,/ko/
/blog/2026-04-23-TMO,/ko/
/blog/2026-04-23-TMO/,/ko/
/blog/2026-04-23-TXN.html,/ko/
/blog/2026-04-23-TXN,/ko/
/blog/2026-04-23-TXN/,/ko/
/blog/2026-04-24-AMD.html,/ko/
/blog/2026-04-24-AMD,/ko/
/blog/2026-04-24-AMD/,/ko/
/blog/2026-04-24-CMCSA.html,/ko/
/blog/2026-04-24-CMCSA,/ko/
/blog/2026-04-24-CMCSA/,/ko/
/blog/2026-04-24-INTC.html,/ko/
/blog/2026-04-24-INTC,/ko/
/blog/2026-04-24-INTC/,/ko/
/blog/2026-04-25-AAPL.html,/ko/
/blog/2026-04-25-AAPL,/ko/
/blog/2026-04-25-AAPL/,/ko/
/blog/2026-04-25-GOOGL.html,/ko/
/blog/2026-04-25-GOOGL,/ko/
/blog/2026-04-25-GOOGL/,/ko/
/blog/2026-04-25-MSFT.html,/ko/
/blog/2026-04-25-MSFT,/ko/
/blog/2026-04-25-MSFT/,/ko/
/blog/2026-04-26-AAPL.html,/ko/
/blog/2026-04-26-AAPL,/ko/
/blog/2026-04-26-AAPL/,/ko/
/blog/2026-04-26-GOOGL.html,/ko/
/blog/2026-04-26-GOOGL,/ko/
/blog/2026-04-26-GOOGL/,/ko/
/blog/2026-04-26-MSFT.html,/ko/
/blog/2026-04-26-MSFT,/ko/
/blog/2026-04-26-MSFT/,/ko/
/blog/2026-04-27-AAPL.html,/ko/
/blog/2026-04-27-AAPL,/ko/
/blog/2026-04-27-AAPL/,/ko/
/blog/2026-04-27-GOOGL.html,/ko/
/blog/2026-04-27-GOOGL,/ko/
/blog/2026-04-27-GOOGL/,/ko/
/blog/2026-04-27-MSFT.html,/ko/
/blog/2026-04-27-MSFT,/ko/
/blog/2026-04-27-MSFT/,/ko/
/blog/2026-04-29-AAPL.html,/ko/
/blog/2026-04-29-AAPL,/ko/
/blog/2026-04-29-AAPL/,/ko/
/blog/2026-04-29-GOOGL.html,/ko/
/blog/2026-04-29-GOOGL,/ko/
/blog/2026-04-29-GOOGL/,/ko/
/blog/2026-04-29-MA.html,/ko/
/blog/2026-04-29-MA,/ko/
/blog/2026-04-29-MA/,/ko/
/blog/2026-04-29-MSFT.html,/ko/
/blog/2026-04-29-MSFT,/ko/
/blog/2026-04-29-MSFT/,/ko/
/blog/2026-04-29-QCOM.html,/ko/
/blog/2026-04-29-QCOM,/ko/
/blog/2026-04-29-QCOM/,/ko/
/blog/2026-04-29-V.html,/ko/
/blog/2026-04-29-V,/ko/
/blog/2026-04-29-V/,/ko/
/blog/2026-04-30-LLY.html,/ko/
/blog/2026-04-30-LLY,/ko/
/blog/2026-04-30-LLY/,/ko/
/blog/2026-04-30-META.html,/ko/
/blog/2026-04-30-META,/ko/
/blog/2026-04-30-META/,/ko/
/blog/2026-04-30-NVDA.html,/ko/
/blog/2026-04-30-NVDA,/ko/
/blog/2026-04-30-NVDA/,/ko/
/blog/2026-05-01-CRM.html,/ko/
/blog/2026-05-01-CRM,/ko/
/blog/2026-05-01-CRM/,/ko/
/blog/2026-05-01-ORCL.html,/ko/
/blog/2026-05-01-ORCL,/ko/
/blog/2026-05-01-ORCL/,/ko/
/blog/2026-05-02-AMZN.html,/ko/
/blog/2026-05-02-AMZN,/ko/
/blog/2026-05-02-AMZN/,/ko/
/blog/2026-05-02-BRK-B.html,/ko/
/blog/2026-05-02-BRK-B,/ko/
/blog/2026-05-02-BRK-B/,/ko/
/blog/2026-05-02-TSLA.html,/ko/
/blog/2026-05-02-TSLA,/ko/
/blog/2026-05-02-TSLA/,/ko/
/blog/2026-05-03-JNJ.html,/ko/
/blog/2026-05-03-JNJ,/ko/
/blog/2026-05-03-JNJ/,/ko/
/blog/2026-05-03-JPM.html,/ko/
/blog/2026-05-03-JPM,/ko/
/blog/2026-05-03-JPM/,/ko/
/blog/2026-05-03-WMT.html,/ko/
/blog/2026-05-03-WMT,/ko/
/blog/2026-05-03-WMT/,/ko/
/blog/2026-05-04-HD.html,/ko/
/blog/2026-05-04-HD,/ko/
/blog/2026-05-04-HD/,/ko/
/blog/2026-05-04-PG.html,/ko/
/blog/2026-05-04-PG,/ko/
/blog/2026-05-04-PG/,/ko/
/blog/2026-05-05-AMD.html,/ko/
/blog/2026-05-05-AMD,/ko/
/blog/2026-05-05-AMD/,/ko/
/blog/2026-05-05-INTC.html,/ko/
/blog/2026-05-05-INTC,/ko/
/blog/2026-05-05-INTC/,/ko/
/blog/2026-05-05-PYPL.html,/ko/
/blog/2026-05-05-PYPL,/ko/
/blog/2026-05-05-PYPL/,/ko/
/blog/2026-05-06-DIS.html,/ko/
/blog/2026-05-06-DIS,/ko/
/blog/2026-05-06-DIS/,/ko/
/blog/2026-05-06-VIST.html,/ko/
/blog/2026-05-06-VIST,/ko/
/blog/2026-05-06-VIST/,/ko/
/blog/2026-05-07-ACN.html,/ko/
/blog/2026-05-07-ACN,/ko/
/blog/2026-05-07-ACN/,/ko/
/blog/2026-05-07-QCOM.html,/ko/
/blog/2026-05-07-QCOM,/ko/
/blog/2026-05-07-QCOM/,/ko/
/blog/2026-05-08-AVGO.html,/ko/
/blog/2026-05-08-AVGO,/ko/
/blog/2026-05-08-AVGO/,/ko/
/blog/2026-05-08-CMCSA.html,/ko/
/blog/2026-05-08-CMCSA,/ko/
/blog/2026-05-08-CMCSA/,/ko/
/blog/2026-05-09-AAPL.html,/ko/
/blog/2026-05-09-AAPL,/ko/
/blog/2026-05-09-AAPL/,/ko/
/blog/2026-05-09-GOOGL.html,/ko/
/blog/2026-05-09-GOOGL,/ko/
/blog/2026-05-09-GOOGL/,/ko/
/blog/2026-05-09-MSFT.html,/ko/
/blog/2026-05-09-MSFT,/ko/
/blog/2026-05-09-MSFT/,/ko/
/blog/2026-05-10-AMZN.html,/ko/
/blog/2026-05-10-AMZN,/ko/
/blog/2026-05-10-AMZN/,/ko/
/blog/2026-05-10-META.html,/ko/
/blog/2026-05-10-META,/ko/
/blog/2026-05-10-META/,/ko/
/blog/2026-05-11-BRK-B.html,/ko/
/blog/2026-05-11-BRK-B,/ko/
/blog/2026-05-11-BRK-B/,/ko/
/blog/2026-05-11-NVDA.html,/ko/
/blog/2026-05-11-NVDA,/ko/
/blog/2026-05-11-NVDA/,/ko/
/blog/2026-05-11-TSLA.html,/ko/
/blog/2026-05-11-TSLA,/ko/
/blog/2026-05-11-TSLA/,/ko/
/blog/2026-05-14-JPM.html,/ko/
/blog/2026-05-14-JPM,/ko/
/blog/2026-05-14-JPM/,/ko/
/blog/2026-05-15-CSCO.html,/ko/
/blog/2026-05-15-CSCO,/ko/
/blog/2026-05-15-CSCO/,/ko/
/blog/2026-05-15-WMT.html,/ko/
/blog/2026-05-15-WMT,/ko/
/blog/2026-05-15-WMT/,/ko/
/blog/2026-05-23-QCOM.html,/ko/
/blog/2026-05-23-QCOM,/ko/
/blog/2026-05-23-QCOM/,/ko/
/blog/2026-05-26-BTC-USD.html,/ko/
/blog/2026-05-26-BTC-USD,/ko/
/blog/2026-05-26-BTC-USD/,/ko/
/blog/2026-05-27-AMD.html,/ko/
/blog/2026-05-27-AMD,/ko/
/blog/2026-05-27-AMD/,/ko/
/blog/2026-05-28-META.html,/ko/
/blog/2026-05-28-META,/ko/
/blog/2026-05-28-META/,/ko/
/blog/2026-05-29-TMO.html,/ko/
/blog/2026-05-29-TMO,/ko/
/blog/2026-05-29-TMO/,/ko/
/blog/2026-05-30-ORCL.html,/ko/
/blog/2026-05-30-ORCL,/ko/
/blog/2026-05-30-ORCL/,/ko/
/blog/2026-06-02-CRM.html,/ko/
/blog/2026-06-02-CRM,/ko/
/blog/2026-06-02-CRM/,/ko/
/blog/2026-06-02-NVDA.html,/ko/
/blog/2026-06-02-NVDA,/ko/
/blog/2026-06-02-NVDA/,/ko/
/blog/2026-06-02-QCOM.html,/ko/
/blog/2026-06-02-QCOM,/ko/
/blog/2026-06-02-QCOM/,/ko/
/blog/2026-06-03-ETH-USD.html,/ko/
/blog/2026-06-03-ETH-USD,/ko/
/blog/2026-06-03-ETH-USD/,/ko/
/blog/2026-06-04-CMCSA.html,/ko/
/blog/2026-06-04-CMCSA,/ko/
/blog/2026-06-04-CMCSA/,/ko/
/blog/2026-06-05-AVGO.html,/ko/
/blog/2026-06-05-AVGO,/ko/
/blog/2026-06-05-AVGO/,/ko/
/blog/2026-06-06-AMD.html,/ko/
/blog/2026-06-06-AMD,/ko/
/blog/2026-06-06-AMD/,/ko/
/blog/2026-06-06-INTC.html,/ko/
/blog/2026-06-06-INTC,/ko/
/blog/2026-06-06-INTC/,/ko/
/blog/2026-06-08-ORCL.html,/ko/
/blog/2026-06-08-ORCL,/ko/
/blog/2026-06-08-ORCL/,/ko/
/blog/2026-06-09-TSLA.html,/ko/
/blog/2026-06-09-TSLA,/ko/
/blog/2026-06-09-TSLA/,/ko/
/blog/2026-06-10-QCOM.html,/ko/
/blog/2026-06-10-QCOM,/ko/
/blog/2026-06-10-QCOM/,/ko/
/blog/2026-06-11-GEV.html,/ko/
/blog/2026-06-11-GEV,/ko/
/blog/2026-06-11-GEV/,/ko/
/blog/2026-06-12-HON.html,/ko/
/blog/2026-06-12-HON,/ko/
/blog/2026-06-12-HON/,/ko/
/blog/2026-06-13-ADBE.html,/ko/
/blog/2026-06-13-ADBE,/ko/
/blog/2026-06-13-ADBE/,/ko/
/blog/2026-06-14-INTC.html,/ko/
/blog/2026-06-14-INTC,/ko/
/blog/2026-06-14-INTC/,/ko/
/blog/2026-06-15-AMD.html,/ko/
/blog/2026-06-15-AMD,/ko/
/blog/2026-06-15-AMD/,/ko/
/blog/2026-06-16-ABNB.html,/ko/
/blog/2026-06-16-ABNB,/ko/
/blog/2026-06-16-ABNB/,/ko/
/blog/2026-06-17-AVGO.html,/ko/
/blog/2026-06-17-AVGO,/ko/
/blog/2026-06-17-AVGO/,/ko/
/blog/2026-06-18-GEV.html,/ko/
/blog/2026-06-18-GEV,/ko/
/blog/2026-06-18-GEV/,/ko/
/blog/2026-06-19-ACN.html,/ko/
/blog/2026-06-19-ACN,/ko/
/blog/2026-06-19-ACN/,/ko/
/blog/2026-06-20-TXN.html,/ko/
/blog/2026-06-20-TXN,/ko/
/blog/2026-06-20-TXN/,/ko/
/blog/2026-06-21-INTC.html,/ko/
/blog/2026-06-21-INTC,/ko/
/blog/2026-06-21-INTC/,/ko/
/blog/2026-06-22-QCOM.html,/ko/
/blog/2026-06-22-QCOM,/ko/
/blog/2026-06-22-QCOM/,/ko/
/blog/2026-06-23-ABBV.html,/ko/
/blog/2026-06-23-ABBV,/ko/
/blog/2026-06-23-ABBV/,/ko/
/blog/2026-06-23-TSLA.html,/ko/
/blog/2026-06-23-TSLA,/ko/
/blog/2026-06-23-TSLA/,/ko/
/blog/2026-06-25-HD.html,/ko/
/blog/2026-06-25-HD,/ko/
/blog/2026-06-25-HD/,/ko/
/blog/2026-06-26-AAPL.html,/ko/
/blog/2026-06-26-AAPL,/ko/
/blog/2026-06-26-AAPL/,/ko/
/blog/2026-06-26-LLY.html,/ko/
/blog/2026-06-26-LLY,/ko/
/blog/2026-06-26-LLY/,/ko/
/blog/2026-06-28-TXN.html,/ko/
/blog/2026-06-28-TXN,/ko/
/blog/2026-06-28-TXN/,/ko/
/blog/2026-06-29-HON.html,/ko/
/blog/2026-06-29-HON,/ko/
/blog/2026-06-29-HON/,/ko/
/blog/2026-06-29-QCOM.html,/ko/
/blog/2026-06-29-QCOM,/ko/
/blog/2026-06-29-QCOM/,/ko/
/blog/2026-07-01-AMD.html,/ko/
/blog/2026-07-01-AMD,/ko/
/blog/2026-07-01-AMD/,/ko/
/blog/2026-07-02-INTC.html,/ko/
/blog/2026-07-02-INTC,/ko/
/blog/2026-07-02-INTC/,/ko/
/blog/2026-07-02-TSLA.html,/ko/
/blog/2026-07-02-TSLA,/ko/
/blog/2026-07-02-TSLA/,/ko/
/blog/2026-07-04-AAPL.html,/ko/
/blog/2026-07-04-AAPL,/ko/
/blog/2026-07-04-AAPL/,/ko/
/blog/2026-07-04-META.html,/ko/
/blog/2026-07-04-META,/ko/
/blog/2026-07-04-META/,/ko/
/blog/2026-07-05-ACN.html,/ko/
/blog/2026-07-05-ACN,/ko/
/blog/2026-07-05-ACN/,/ko/
/blog/2026-07-07-GEV.html,/ko/
/blog/2026-07-07-GEV,/ko/
/blog/2026-07-07-GEV/,/ko/
/blog/2026-07-07-QCOM.html,/ko/
/blog/2026-07-07-QCOM,/ko/
/blog/2026-07-07-QCOM/,/ko/
/blog/2026-07-09-VIST.html,/ko/
/blog/2026-07-09-VIST,/ko/
/blog/2026-07-09-VIST/,/ko/
/blog/2026-07-10-AMD.html,/ko/
/blog/2026-07-10-AMD,/ko/
/blog/2026-07-10-AMD/,/ko/
/blog/2026-07-10-NVDA.html,/ko/
/blog/2026-07-10-NVDA,/ko/
/blog/2026-07-10-NVDA/,/ko/
/blog/2026-07-11-META.html,/ko/
/blog/2026-07-11-META,/ko/
/blog/2026-07-11-META/,/ko/
/blog/2026-07-12-NKE.html,/ko/
/blog/2026-07-12-NKE,/ko/
/blog/2026-07-12-NKE/,/ko/
/blog/2026-07-13-ORCL.html,/ko/
/blog/2026-07-13-ORCL,/ko/
/blog/2026-07-13-ORCL/,/ko/
/blog/2026-07-14-ETH-USD.html,/ko/
/blog/2026-07-14-ETH-USD,/ko/
/blog/2026-07-14-ETH-USD/,/ko/
/blog/2026-07-15-PYPL.html,/ko/
/blog/2026-07-15-PYPL,/ko/
/blog/2026-07-15-PYPL/,/ko/
/blog/2026-07-16-ABT.html,/ko/
/blog/2026-07-16-ABT,/ko/
/blog/2026-07-16-ABT/,/ko/
/blog/2026-07-17-NFLX.html,/ko/
/blog/2026-07-17-NFLX,/ko/
/blog/2026-07-17-NFLX/,/ko/
/blog/2026-07-18-KO.html,/ko/
/blog/2026-07-18-KO,/ko/
/blog/2026-07-18-KO/,/ko/
/blog/2026-07-19-META.html,/ko/
/blog/2026-07-19-META,/ko/
/blog/2026-07-19-META/,/ko/
/blog/2026-07-20-ORCL.html,/ko/
/blog/2026-07-20-ORCL,/ko/
/blog/2026-07-20-ORCL/,/ko/
/blog/2026-07-21-DHR.html,/ko/
/blog/2026-07-21-DHR,/ko/
/blog/2026-07-21-DHR/,/ko/
/blog/2026-07-22-GEV.html,/ko/
/blog/2026-07-22-GEV,/ko/
/blog/2026-07-22-GEV/,/ko/
/blog/2026-07-23-TSLA.html,/ko/
/blog/2026-07-23-TSLA,/ko/
/blog/2026-07-23-TSLA/,/ko/
/blog/2026-07-24-INTC.html,/ko/
/blog/2026-07-24-INTC,/ko/
/blog/2026-07-24-INTC/,/ko/
/blog/2026-07-25-TMO.html,/ko/
/blog/2026-07-25-TMO,/ko/
/blog/2026-07-25-TMO/,/ko/
/blog/2026-07-26-ADBE.html,/ko/
/blog/2026-07-26-ADBE,/ko/
/blog/2026-07-26-ADBE/,/ko/
/blog/2026-07-27-CRM.html,/ko/
/blog/2026-07-27-CRM,/ko/
/blog/2026-07-27-CRM/,/ko/
/blog/2026-07-28-AMD.html,/ko/
/blog/2026-07-28-AMD,/ko/
/blog/2026-07-28-AMD/,/ko/
/blog/2026-07-29-ACN.html,/ko/
/blog/2026-07-29-ACN,/ko/
/blog/2026-07-29-ACN/,/ko/
/blog/2026-07-30-MSFT.html,/ko/
/blog/2026-07-30-MSFT,/ko/
/blog/2026-07-30-MSFT/,/ko/
/blog/beginner-01-what-is-dividend.html,/ko/
/blog/beginner-01-what-is-dividend,/ko/
/blog/beginner-01-what-is-dividend/,/ko/
/blog/beginner-02-dividend-yield.html,/ko/
/blog/beginner-02-dividend-yield,/ko/
/blog/beginner-02-dividend-yield/,/ko/
/blog/beginner-03-payout-ratio.html,/ko/
/blog/beginner-03-payout-ratio,/ko/
/blog/beginner-03-payout-ratio/,/ko/
/blog/beginner-04-drip.html,/ko/
/blog/beginner-04-drip,/ko/
/blog/beginner-04-drip/,/ko/
/blog/beginner-05-dividend-aristocrats.html,/ko/
/blog/beginner-05-dividend-aristocrats,/ko/
/blog/beginner-05-dividend-aristocrats/,/ko/
/blog/beginner-06-yield-on-cost.html,/ko/
/blog/beginner-06-yield-on-cost,/ko/
/blog/beginner-06-yield-on-cost/,/ko/
/blog/beginner-07-dividend-calendar.html,/ko/
/blog/beginner-07-dividend-calendar,/ko/
/blog/beginner-07-dividend-calendar/,/ko/
/blog/beginner-08-sector-diversification.html,/ko/
/blog/beginner-08-sector-diversification,/ko/
/blog/beginner-08-sector-diversification/,/ko/
/blog/beginner-09-us-tax.html,/ko/
/blog/beginner-09-us-tax,/ko/
/blog/beginner-09-us-tax/,/ko/
/blog/beginner-10-start-portfolio.html,/ko/
/blog/beginner-10-start-portfolio,/ko/
/blog/beginner-10-start-portfolio/,/ko/
/blog/compound-interest-power.html,/ko/
/blog/compound-interest-power,/ko/
/blog/compound-interest-power/,/ko/
/blog/dividend-aristocrats-guide.html,/ko/
/blog/dividend-aristocrats-guide,/ko/
/blog/dividend-aristocrats-guide/,/ko/
/blog/dividend-kings-analysis.html,/ko/
/blog/dividend-kings-analysis,/ko/
/blog/dividend-kings-analysis/,/ko/
/blog/dividend-trap-guide.html,/ko/
/blog/dividend-trap-guide,/ko/
/blog/dividend-trap-guide/,/ko/
/blog/drip-strategy-deep-dive.html,/ko/
/blog/drip-strategy-deep-dive,/ko/
/blog/drip-strategy-deep-dive/,/ko/
/blog/faq-01-high-yield-trap.html,/ko/
/blog/faq-01-high-yield-trap,/ko/
/blog/faq-01-high-yield-trap/,/ko/
/blog/faq-02-dividend-growth-vs-high-yield.html,/ko/
/blog/faq-02-dividend-growth-vs-high-yield,/ko/
/blog/faq-02-dividend-growth-vs-high-yield/,/ko/
/blog/faq-03-drip-snowball-effect.html,/ko/
/blog/faq-03-drip-snowball-effect,/ko/
/blog/faq-03-drip-snowball-effect/,/ko/
/blog/faq-04-us-dividend-tax.html,/ko/
/blog/faq-04-us-dividend-tax,/ko/
/blog/faq-04-us-dividend-tax/,/ko/
/blog/faq-05-reits-ffo-affo.html,/ko/
/blog/faq-05-reits-ffo-affo,/ko/
/blog/faq-05-reits-ffo-affo/,/ko/
/blog/faq-06-exchange-rate-impact.html,/ko/
/blog/faq-06-exchange-rate-impact,/ko/
/blog/faq-06-exchange-rate-impact/,/ko/
/blog/monthly-apr.html,/ko/
/blog/monthly-apr,/ko/
/blog/monthly-apr/,/ko/
/blog/monthly-dividend-stocks.html,/ko/
/blog/monthly-dividend-stocks,/ko/
/blog/monthly-dividend-stocks/,/ko/
/blog/monthly-feb.html,/ko/
/blog/monthly-feb,/ko/
/blog/monthly-feb/,/ko/
/blog/monthly-jan.html,/ko/
/blog/monthly-jan,/ko/
/blog/monthly-jan/,/ko/
/blog/monthly-mar.html,/ko/
/blog/monthly-mar,/ko/
/blog/monthly-mar/,/ko/
/blog/monthly-may.html,/ko/
/blog/monthly-may,/ko/
/blog/monthly-may/,/ko/
/blog/portfolio-construction.html,/ko/
/blog/portfolio-construction,/ko/
/blog/portfolio-construction/,/ko/
/blog/reits-complete-guide.html,/ko/
/blog/reits-complete-guide,/ko/
/blog/reits-complete-guide/,/ko/
/blog/sector-consumer-staples.html,/ko/
/blog/sector-consumer-staples,/ko/
/blog/sector-consumer-staples/,/ko/
/blog/sector-energy.html,/ko/
/blog/sector-energy,/ko/
/blog/sector-energy/,/ko/
/blog/sector-financial.html,/ko/
/blog/sector-financial,/ko/
/blog/sector-financial/,/ko/
/blog/sector-healthcare.html,/ko/
/blog/sector-healthcare,/ko/
/blog/sector-healthcare/,/ko/
/blog/sector-industrials.html,/ko/
/blog/sector-industrials,/ko/
/blog/sector-industrials/,/ko/
/blog/sector-reits.html,/ko/
/blog/sector-reits,/ko/
/blog/sector-reits/,/ko/
/blog/sector-technology.html,/ko/
/blog/sector-technology,/ko/
/blog/sector-technology/,/ko/
/blog/sector-utility.html,/ko/
/blog/sector-utility,/ko/
/blog/sector-utility/,/ko/
/blog/us-dividend-tax-guide.html,/ko/
/blog/us-dividend-tax-guide,/ko/
/blog/us-dividend-tax-guide/,/ko/
/blog/yield-on-cost-explained.html,/ko/
/blog/yield-on-cost-explained,/ko/
/blog/yield-on-cost-explained/,/ko/
/en/blog/2026-01-29-ETH-USD.html,/ko/works/insight/archive/2026-01-29-ETH-USD/
/en/blog/2026-01-29-ETH-USD,/ko/works/insight/archive/2026-01-29-ETH-USD/
/en/blog/2026-01-29-ETH-USD/,/ko/works/insight/archive/2026-01-29-ETH-USD/
/en/blog/2026-01-29-META.html,/ko/works/insight/archive/2026-01-29-META/
/en/blog/2026-01-29-META,/ko/works/insight/archive/2026-01-29-META/
/en/blog/2026-01-29-META/,/ko/works/insight/archive/2026-01-29-META/
/en/blog/2026-01-30-AMD.html,/ko/works/insight/archive/2026-01-30-AMD/
/en/blog/2026-01-30-AMD,/ko/works/insight/archive/2026-01-30-AMD/
/en/blog/2026-01-30-AMD/,/ko/works/insight/archive/2026-01-30-AMD/
/en/blog/2026-01-30-INTC.html,/ko/works/insight/archive/2026-01-30-INTC/
/en/blog/2026-01-30-INTC,/ko/works/insight/archive/2026-01-30-INTC/
/en/blog/2026-01-30-INTC/,/ko/works/insight/archive/2026-01-30-INTC/
/en/blog/2026-01-30-VZ.html,/ko/works/insight/archive/2026-01-30-VZ/
/en/blog/2026-01-30-VZ,/ko/works/insight/archive/2026-01-30-VZ/
/en/blog/2026-01-30-VZ/,/ko/works/insight/archive/2026-01-30-VZ/
/en/blog/2026-01-31-AAPL.html,/ko/works/insight/archive/2026-01-31-AAPL/
/en/blog/2026-01-31-AAPL,/ko/works/insight/archive/2026-01-31-AAPL/
/en/blog/2026-01-31-AAPL/,/ko/works/insight/archive/2026-01-31-AAPL/
/en/blog/2026-01-31-GOOGL.html,/ko/works/insight/archive/2026-01-31-GOOGL/
/en/blog/2026-01-31-GOOGL,/ko/works/insight/archive/2026-01-31-GOOGL/
/en/blog/2026-01-31-GOOGL/,/ko/works/insight/archive/2026-01-31-GOOGL/
/en/blog/2026-01-31-MSFT.html,/ko/works/insight/archive/2026-01-31-MSFT/
/en/blog/2026-01-31-MSFT,/ko/works/insight/archive/2026-01-31-MSFT/
/en/blog/2026-01-31-MSFT/,/ko/works/insight/archive/2026-01-31-MSFT/
/en/blog/2026-02-01-AAPL.html,/ko/works/insight/archive/2026-02-01-AAPL/
/en/blog/2026-02-01-AAPL,/ko/works/insight/archive/2026-02-01-AAPL/
/en/blog/2026-02-01-AAPL/,/ko/works/insight/archive/2026-02-01-AAPL/
/en/blog/2026-02-01-GOOGL.html,/ko/works/insight/archive/2026-02-01-GOOGL/
/en/blog/2026-02-01-GOOGL,/ko/works/insight/archive/2026-02-01-GOOGL/
/en/blog/2026-02-01-GOOGL/,/ko/works/insight/archive/2026-02-01-GOOGL/
/ko/about.html,/ko/about/
/ko/about,/ko/about/
/ko/blog.html,/ko/works/insight/archive/
/ko/blog,/ko/works/insight/archive/
/ko/blog/,/ko/works/insight/archive/
/ko/calculator.html,/ko/works/tools/
/ko/calculator,/ko/works/tools/
/ko/calculator/,/ko/works/tools/
/ko/calendar.html,/ko/works/tools/
/ko/calendar,/ko/works/tools/
/ko/calendar/,/ko/works/tools/
/ko/contact.html,/ko/about/
/ko/contact,/ko/about/
/ko/contact/,/ko/about/
/ko/fortune.html,/ko/works/tools/
/ko/fortune,/ko/works/tools/
/ko/fortune/,/ko/works/tools/
/ko/index.html,/ko/
/ko/index,/ko/
/ko/index/,/ko/
/ko/learn.html,/ko/learn/
/ko/learn,/ko/learn/
/ko/list.html,/ko/works/tools/
/ko/list,/ko/works/tools/
/ko/list/,/ko/works/tools/
/ko/privacy.html,/ko/legal/privacy/
/ko/privacy,/ko/legal/privacy/
/ko/privacy/,/ko/legal/privacy/
/ko/blog/2026-04-02-ETH-USD.html,/ko/works/insight/archive/2026-04-02-ETH-USD/
/ko/blog/2026-04-02-ETH-USD,/ko/works/insight/archive/2026-04-02-ETH-USD/
/ko/blog/2026-04-02-ETH-USD/,/ko/works/insight/archive/2026-04-02-ETH-USD/
/ko/blog/2026-04-02-INTC.html,/ko/works/insight/archive/2026-04-02-INTC/
/ko/blog/2026-04-02-INTC,/ko/works/insight/archive/2026-04-02-INTC/
/ko/blog/2026-04-02-INTC/,/ko/works/insight/archive/2026-04-02-INTC/
/ko/blog/2026-04-02-TSLA.html,/ko/works/insight/archive/2026-04-02-TSLA/
/ko/blog/2026-04-02-TSLA,/ko/works/insight/archive/2026-04-02-TSLA/
/ko/blog/2026-04-02-TSLA/,/ko/works/insight/archive/2026-04-02-TSLA/
/ko/blog/2026-04-03-AAPL.html,/ko/works/insight/archive/2026-04-03-AAPL/
/ko/blog/2026-04-03-AAPL,/ko/works/insight/archive/2026-04-03-AAPL/
/ko/blog/2026-04-03-AAPL/,/ko/works/insight/archive/2026-04-03-AAPL/
/ko/blog/2026-04-03-GOOGL.html,/ko/works/insight/archive/2026-04-03-GOOGL/
/ko/blog/2026-04-03-GOOGL,/ko/works/insight/archive/2026-04-03-GOOGL/
/ko/blog/2026-04-03-GOOGL/,/ko/works/insight/archive/2026-04-03-GOOGL/
/ko/blog/2026-04-03-MSFT.html,/ko/works/insight/archive/2026-04-03-MSFT/
/ko/blog/2026-04-03-MSFT,/ko/works/insight/archive/2026-04-03-MSFT/
/ko/blog/2026-04-03-MSFT/,/ko/works/insight/archive/2026-04-03-MSFT/
/ko/blog/2026-04-04-AAPL.html,/ko/works/insight/archive/2026-04-04-AAPL/
/ko/blog/2026-04-04-AAPL,/ko/works/insight/archive/2026-04-04-AAPL/
/ko/blog/2026-04-04-AAPL/,/ko/works/insight/archive/2026-04-04-AAPL/
/ko/blog/2026-04-04-GOOGL.html,/ko/works/insight/archive/2026-04-04-GOOGL/
/ko/blog/2026-04-04-GOOGL,/ko/works/insight/archive/2026-04-04-GOOGL/
/ko/blog/2026-04-04-GOOGL/,/ko/works/insight/archive/2026-04-04-GOOGL/
/ko/blog/2026-04-04-MSFT.html,/ko/works/insight/archive/2026-04-04-MSFT/
/ko/blog/2026-04-04-MSFT,/ko/works/insight/archive/2026-04-04-MSFT/
/ko/blog/2026-04-04-MSFT/,/ko/works/insight/archive/2026-04-04-MSFT/
/ko/blog/2026-04-05-AAPL.html,/ko/works/insight/archive/2026-04-05-AAPL/
/ko/blog/2026-04-05-AAPL,/ko/works/insight/archive/2026-04-05-AAPL/
/ko/blog/2026-04-05-AAPL/,/ko/works/insight/archive/2026-04-05-AAPL/
/ko/blog/2026-04-05-GOOGL.html,/ko/works/insight/archive/2026-04-05-GOOGL/
/ko/blog/2026-04-05-GOOGL,/ko/works/insight/archive/2026-04-05-GOOGL/
/ko/blog/2026-04-05-GOOGL/,/ko/works/insight/archive/2026-04-05-GOOGL/
/ko/blog/2026-04-05-MSFT.html,/ko/works/insight/archive/2026-04-05-MSFT/
/ko/blog/2026-04-05-MSFT,/ko/works/insight/archive/2026-04-05-MSFT/
/ko/blog/2026-04-05-MSFT/,/ko/works/insight/archive/2026-04-05-MSFT/
/ko/blog/2026-04-06-AAPL.html,/ko/works/insight/archive/2026-04-06-AAPL/
/ko/blog/2026-04-06-AAPL,/ko/works/insight/archive/2026-04-06-AAPL/
/ko/blog/2026-04-06-AAPL/,/ko/works/insight/archive/2026-04-06-AAPL/
/ko/blog/2026-04-06-GOOGL.html,/ko/works/insight/archive/2026-04-06-GOOGL/
/ko/blog/2026-04-06-GOOGL,/ko/works/insight/archive/2026-04-06-GOOGL/
/ko/blog/2026-04-06-GOOGL/,/ko/works/insight/archive/2026-04-06-GOOGL/
/ko/blog/2026-04-06-MSFT.html,/ko/works/insight/archive/2026-04-06-MSFT/
/ko/blog/2026-04-06-MSFT,/ko/works/insight/archive/2026-04-06-MSFT/
/ko/blog/2026-04-06-MSFT/,/ko/works/insight/archive/2026-04-06-MSFT/
/ko/blog/2026-04-07-AVGO.html,/ko/works/insight/archive/2026-04-07-AVGO/
/ko/blog/2026-04-07-AVGO,/ko/works/insight/archive/2026-04-07-AVGO/
/ko/blog/2026-04-07-AVGO/,/ko/works/insight/archive/2026-04-07-AVGO/
/ko/blog/2026-04-07-ETH-USD.html,/ko/works/insight/archive/2026-04-07-ETH-USD/
/ko/blog/2026-04-07-ETH-USD,/ko/works/insight/archive/2026-04-07-ETH-USD/
/ko/blog/2026-04-07-ETH-USD/,/ko/works/insight/archive/2026-04-07-ETH-USD/
/ko/blog/2026-04-07-UNH.html,/ko/works/insight/archive/2026-04-07-UNH/
/ko/blog/2026-04-07-UNH,/ko/works/insight/archive/2026-04-07-UNH/
/ko/blog/2026-04-07-UNH/,/ko/works/insight/archive/2026-04-07-UNH/
/ko/blog/2026-04-08-INTC.html,/ko/works/insight/archive/2026-04-08-INTC/
/ko/blog/2026-04-08-INTC,/ko/works/insight/archive/2026-04-08-INTC/
/ko/blog/2026-04-08-INTC/,/ko/works/insight/archive/2026-04-08-INTC/
/ko/blog/2026-04-08-META.html,/ko/works/insight/archive/2026-04-08-META/
/ko/blog/2026-04-08-META,/ko/works/insight/archive/2026-04-08-META/
/ko/blog/2026-04-08-META/,/ko/works/insight/archive/2026-04-08-META/
/ko/blog/2026-04-08-VIST.html,/ko/works/insight/archive/2026-04-08-VIST/
/ko/blog/2026-04-08-VIST,/ko/works/insight/archive/2026-04-08-VIST/
/ko/blog/2026-04-08-VIST/,/ko/works/insight/archive/2026-04-08-VIST/
/ko/blog/2026-04-09-AMZN.html,/ko/works/insight/archive/2026-04-09-AMZN/
/ko/blog/2026-04-09-AMZN,/ko/works/insight/archive/2026-04-09-AMZN/
/ko/blog/2026-04-09-AMZN/,/ko/works/insight/archive/2026-04-09-AMZN/
/ko/blog/2026-04-10-AMD.html,/ko/works/insight/archive/2026-04-10-AMD/
/ko/blog/2026-04-10-AMD,/ko/works/insight/archive/2026-04-10-AMD/
/ko/blog/2026-04-10-AMD/,/ko/works/insight/archive/2026-04-10-AMD/
/ko/blog/2026-04-10-AVGO.html,/ko/works/insight/archive/2026-04-10-AVGO/
/ko/blog/2026-04-10-AVGO,/ko/works/insight/archive/2026-04-10-AVGO/
/ko/blog/2026-04-10-AVGO/,/ko/works/insight/archive/2026-04-10-AVGO/
/ko/blog/2026-04-10-VZ.html,/ko/works/insight/archive/2026-04-10-VZ/
/ko/blog/2026-04-10-VZ,/ko/works/insight/archive/2026-04-10-VZ/
/ko/blog/2026-04-10-VZ/,/ko/works/insight/archive/2026-04-10-VZ/
/ko/blog/2026-04-11-AAPL.html,/ko/works/insight/archive/2026-04-11-AAPL/
/ko/blog/2026-04-11-AAPL,/ko/works/insight/archive/2026-04-11-AAPL/
/ko/blog/2026-04-11-AAPL/,/ko/works/insight/archive/2026-04-11-AAPL/
/ko/blog/2026-04-11-GOOGL.html,/ko/works/insight/archive/2026-04-11-GOOGL/
/ko/blog/2026-04-11-GOOGL,/ko/works/insight/archive/2026-04-11-GOOGL/
/ko/blog/2026-04-11-GOOGL/,/ko/works/insight/archive/2026-04-11-GOOGL/
/ko/blog/2026-04-11-MSFT.html,/ko/works/insight/archive/2026-04-11-MSFT/
/ko/blog/2026-04-11-MSFT,/ko/works/insight/archive/2026-04-11-MSFT/
/ko/blog/2026-04-11-MSFT/,/ko/works/insight/archive/2026-04-11-MSFT/
/ko/blog/2026-04-12-AAPL.html,/ko/works/insight/archive/2026-04-12-AAPL/
/ko/blog/2026-04-12-AAPL,/ko/works/insight/archive/2026-04-12-AAPL/
/ko/blog/2026-04-12-AAPL/,/ko/works/insight/archive/2026-04-12-AAPL/
/ko/blog/2026-04-12-GOOGL.html,/ko/works/insight/archive/2026-04-12-GOOGL/
/ko/blog/2026-04-12-GOOGL,/ko/works/insight/archive/2026-04-12-GOOGL/
/ko/blog/2026-04-12-GOOGL/,/ko/works/insight/archive/2026-04-12-GOOGL/
/ko/blog/2026-04-12-MSFT.html,/ko/works/insight/archive/2026-04-12-MSFT/
/ko/blog/2026-04-12-MSFT,/ko/works/insight/archive/2026-04-12-MSFT/
/ko/blog/2026-04-12-MSFT/,/ko/works/insight/archive/2026-04-12-MSFT/
/ko/blog/2026-04-13-AAPL.html,/ko/works/insight/archive/2026-04-13-AAPL/
/ko/blog/2026-04-13-AAPL,/ko/works/insight/archive/2026-04-13-AAPL/
/ko/blog/2026-04-13-AAPL/,/ko/works/insight/archive/2026-04-13-AAPL/
/ko/blog/2026-04-13-GOOGL.html,/ko/works/insight/archive/2026-04-13-GOOGL/
/ko/blog/2026-04-13-GOOGL,/ko/works/insight/archive/2026-04-13-GOOGL/
/ko/blog/2026-04-13-GOOGL/,/ko/works/insight/archive/2026-04-13-GOOGL/
/ko/blog/2026-04-13-MSFT.html,/ko/works/insight/archive/2026-04-13-MSFT/
/ko/blog/2026-04-13-MSFT,/ko/works/insight/archive/2026-04-13-MSFT/
/ko/blog/2026-04-13-MSFT/,/ko/works/insight/archive/2026-04-13-MSFT/
/ko/blog/2026-04-14-AMZN.html,/ko/works/insight/archive/2026-04-14-AMZN/
/ko/blog/2026-04-14-AMZN,/ko/works/insight/archive/2026-04-14-AMZN/
/ko/blog/2026-04-14-AMZN/,/ko/works/insight/archive/2026-04-14-AMZN/
/ko/blog/2026-04-14-META.html,/ko/works/insight/archive/2026-04-14-META/
/ko/blog/2026-04-14-META,/ko/works/insight/archive/2026-04-14-META/
/ko/blog/2026-04-14-META/,/ko/works/insight/archive/2026-04-14-META/
/ko/blog/2026-04-14-ORCL.html,/ko/works/insight/archive/2026-04-14-ORCL/
/ko/blog/2026-04-14-ORCL,/ko/works/insight/archive/2026-04-14-ORCL/
/ko/blog/2026-04-14-ORCL/,/ko/works/insight/archive/2026-04-14-ORCL/
/ko/blog/2026-04-15-AVGO.html,/ko/works/insight/archive/2026-04-15-AVGO/
/ko/blog/2026-04-15-AVGO,/ko/works/insight/archive/2026-04-15-AVGO/
/ko/blog/2026-04-15-AVGO/,/ko/works/insight/archive/2026-04-15-AVGO/
/ko/blog/2026-04-15-MSFT.html,/ko/works/insight/archive/2026-04-15-MSFT/
/ko/blog/2026-04-15-MSFT,/ko/works/insight/archive/2026-04-15-MSFT/
/ko/blog/2026-04-15-MSFT/,/ko/works/insight/archive/2026-04-15-MSFT/
/ko/blog/2026-04-15-TSLA.html,/ko/works/insight/archive/2026-04-15-TSLA/
/ko/blog/2026-04-15-TSLA,/ko/works/insight/archive/2026-04-15-TSLA/
/ko/blog/2026-04-15-TSLA/,/ko/works/insight/archive/2026-04-15-TSLA/
/ko/blog/2026-04-16-ABT.html,/ko/works/insight/archive/2026-04-16-ABT/
/ko/blog/2026-04-16-ABT,/ko/works/insight/archive/2026-04-16-ABT/
/ko/blog/2026-04-16-ABT/,/ko/works/insight/archive/2026-04-16-ABT/
/ko/blog/2026-04-16-AMD.html,/ko/works/insight/archive/2026-04-16-AMD/
/ko/blog/2026-04-16-AMD,/ko/works/insight/archive/2026-04-16-AMD/
/ko/blog/2026-04-16-AMD/,/ko/works/insight/archive/2026-04-16-AMD/
/ko/blog/2026-04-16-INTC.html,/ko/works/insight/archive/2026-04-16-INTC/
/ko/blog/2026-04-16-INTC,/ko/works/insight/archive/2026-04-16-INTC/
/ko/blog/2026-04-16-INTC/,/ko/works/insight/archive/2026-04-16-INTC/
/ko/blog/2026-04-17-HD.html,/ko/works/insight/archive/2026-04-17-HD/
/ko/blog/2026-04-17-HD,/ko/works/insight/archive/2026-04-17-HD/
/ko/blog/2026-04-17-HD/,/ko/works/insight/archive/2026-04-17-HD/
/ko/blog/2026-04-17-NFLX.html,/ko/works/insight/archive/2026-04-17-NFLX/
/ko/blog/2026-04-17-NFLX,/ko/works/insight/archive/2026-04-17-NFLX/
/ko/blog/2026-04-17-NFLX/,/ko/works/insight/archive/2026-04-17-NFLX/
/ko/blog/2026-04-17-XOM.html,/ko/works/insight/archive/2026-04-17-XOM/
/ko/blog/2026-04-17-XOM,/ko/works/insight/archive/2026-04-17-XOM/
/ko/blog/2026-04-17-XOM/,/ko/works/insight/archive/2026-04-17-XOM/
/ko/blog/2026-04-18-AAPL.html,/ko/works/insight/archive/2026-04-18-AAPL/
/ko/blog/2026-04-18-AAPL,/ko/works/insight/archive/2026-04-18-AAPL/
/ko/blog/2026-04-18-AAPL/,/ko/works/insight/archive/2026-04-18-AAPL/
/ko/blog/2026-04-18-GOOGL.html,/ko/works/insight/archive/2026-04-18-GOOGL/
/ko/blog/2026-04-18-GOOGL,/ko/works/insight/archive/2026-04-18-GOOGL/
/ko/blog/2026-04-18-GOOGL/,/ko/works/insight/archive/2026-04-18-GOOGL/
/ko/blog/2026-04-18-MSFT.html,/ko/works/insight/archive/2026-04-18-MSFT/
/ko/blog/2026-04-18-MSFT,/ko/works/insight/archive/2026-04-18-MSFT/
/ko/blog/2026-04-18-MSFT/,/ko/works/insight/archive/2026-04-18-MSFT/
/ko/blog/2026-04-19-AAPL.html,/ko/works/insight/archive/2026-04-19-AAPL/
/ko/blog/2026-04-19-AAPL,/ko/works/insight/archive/2026-04-19-AAPL/
/ko/blog/2026-04-19-AAPL/,/ko/works/insight/archive/2026-04-19-AAPL/
/ko/blog/2026-04-19-GOOGL.html,/ko/works/insight/archive/2026-04-19-GOOGL/
/ko/blog/2026-04-19-GOOGL,/ko/works/insight/archive/2026-04-19-GOOGL/
/ko/blog/2026-04-19-GOOGL/,/ko/works/insight/archive/2026-04-19-GOOGL/
/ko/blog/2026-04-19-MSFT.html,/ko/works/insight/archive/2026-04-19-MSFT/
/ko/blog/2026-04-19-MSFT,/ko/works/insight/archive/2026-04-19-MSFT/
/ko/blog/2026-04-19-MSFT/,/ko/works/insight/archive/2026-04-19-MSFT/
/ko/blog/2026-04-20-AAPL.html,/ko/works/insight/archive/2026-04-20-AAPL/
/ko/blog/2026-04-20-AAPL,/ko/works/insight/archive/2026-04-20-AAPL/
/ko/blog/2026-04-20-AAPL/,/ko/works/insight/archive/2026-04-20-AAPL/
/ko/blog/2026-04-20-GOOGL.html,/ko/works/insight/archive/2026-04-20-GOOGL/
/ko/blog/2026-04-20-GOOGL,/ko/works/insight/archive/2026-04-20-GOOGL/
/ko/blog/2026-04-20-GOOGL/,/ko/works/insight/archive/2026-04-20-GOOGL/
/ko/blog/2026-04-20-MSFT.html,/ko/works/insight/archive/2026-04-20-MSFT/
/ko/blog/2026-04-20-MSFT,/ko/works/insight/archive/2026-04-20-MSFT/
/ko/blog/2026-04-20-MSFT/,/ko/works/insight/archive/2026-04-20-MSFT/
/ko/blog/2026-04-21-AMD.html,/ko/works/insight/archive/2026-04-21-AMD/
/ko/blog/2026-04-21-AMD,/ko/works/insight/archive/2026-04-21-AMD/
/ko/blog/2026-04-21-AMD/,/ko/works/insight/archive/2026-04-21-AMD/
/ko/blog/2026-04-21-MRK.html,/ko/works/insight/archive/2026-04-21-MRK/
/ko/blog/2026-04-21-MRK,/ko/works/insight/archive/2026-04-21-MRK/
/ko/blog/2026-04-21-MRK/,/ko/works/insight/archive/2026-04-21-MRK/
/ko/blog/2026-04-21-UNH.html,/ko/works/insight/archive/2026-04-21-UNH/
/ko/blog/2026-04-21-UNH,/ko/works/insight/archive/2026-04-21-UNH/
/ko/blog/2026-04-21-UNH/,/ko/works/insight/archive/2026-04-21-UNH/
/ko/blog/2026-04-22-AMD.html,/ko/works/insight/archive/2026-04-22-AMD/
/ko/blog/2026-04-22-AMD,/ko/works/insight/archive/2026-04-22-AMD/
/ko/blog/2026-04-22-AMD/,/ko/works/insight/archive/2026-04-22-AMD/
/ko/blog/2026-04-22-DHR.html,/ko/works/insight/archive/2026-04-22-DHR/
/ko/blog/2026-04-22-DHR,/ko/works/insight/archive/2026-04-22-DHR/
/ko/blog/2026-04-22-DHR/,/ko/works/insight/archive/2026-04-22-DHR/
/ko/blog/2026-04-23-CRM.html,/ko/works/insight/archive/2026-04-23-CRM/
/ko/blog/2026-04-23-CRM,/ko/works/insight/archive/2026-04-23-CRM/
/ko/blog/2026-04-23-CRM/,/ko/works/insight/archive/2026-04-23-CRM/
/ko/blog/2026-04-23-TMO.html,/ko/works/insight/archive/2026-04-23-TMO/
/ko/blog/2026-04-23-TMO,/ko/works/insight/archive/2026-04-23-TMO/
/ko/blog/2026-04-23-TMO/,/ko/works/insight/archive/2026-04-23-TMO/
/ko/blog/2026-04-23-TXN.html,/ko/works/insight/archive/2026-04-23-TXN/
/ko/blog/2026-04-23-TXN,/ko/works/insight/archive/2026-04-23-TXN/
/ko/blog/2026-04-23-TXN/,/ko/works/insight/archive/2026-04-23-TXN/
/ko/blog/2026-04-24-AMD.html,/ko/works/insight/archive/2026-04-24-AMD/
/ko/blog/2026-04-24-AMD,/ko/works/insight/archive/2026-04-24-AMD/
/ko/blog/2026-04-24-AMD/,/ko/works/insight/archive/2026-04-24-AMD/
/ko/blog/2026-04-24-CMCSA.html,/ko/works/insight/archive/2026-04-24-CMCSA/
/ko/blog/2026-04-24-CMCSA,/ko/works/insight/archive/2026-04-24-CMCSA/
/ko/blog/2026-04-24-CMCSA/,/ko/works/insight/archive/2026-04-24-CMCSA/
/ko/blog/2026-04-24-INTC.html,/ko/works/insight/archive/2026-04-24-INTC/
/ko/blog/2026-04-24-INTC,/ko/works/insight/archive/2026-04-24-INTC/
/ko/blog/2026-04-24-INTC/,/ko/works/insight/archive/2026-04-24-INTC/
/ko/blog/2026-04-25-AAPL.html,/ko/works/insight/archive/2026-04-25-AAPL/
/ko/blog/2026-04-25-AAPL,/ko/works/insight/archive/2026-04-25-AAPL/
/ko/blog/2026-04-25-AAPL/,/ko/works/insight/archive/2026-04-25-AAPL/
/ko/blog/2026-04-25-GOOGL.html,/ko/works/insight/archive/2026-04-25-GOOGL/
/ko/blog/2026-04-25-GOOGL,/ko/works/insight/archive/2026-04-25-GOOGL/
/ko/blog/2026-04-25-GOOGL/,/ko/works/insight/archive/2026-04-25-GOOGL/
/ko/blog/2026-04-25-MSFT.html,/ko/works/insight/archive/2026-04-25-MSFT/
/ko/blog/2026-04-25-MSFT,/ko/works/insight/archive/2026-04-25-MSFT/
/ko/blog/2026-04-25-MSFT/,/ko/works/insight/archive/2026-04-25-MSFT/
/ko/blog/2026-04-26-AAPL.html,/ko/works/insight/archive/2026-04-26-AAPL/
/ko/blog/2026-04-26-AAPL,/ko/works/insight/archive/2026-04-26-AAPL/
/ko/blog/2026-04-26-AAPL/,/ko/works/insight/archive/2026-04-26-AAPL/
/ko/blog/2026-04-26-GOOGL.html,/ko/works/insight/archive/2026-04-26-GOOGL/
/ko/blog/2026-04-26-GOOGL,/ko/works/insight/archive/2026-04-26-GOOGL/
/ko/blog/2026-04-26-GOOGL/,/ko/works/insight/archive/2026-04-26-GOOGL/
/ko/blog/2026-04-26-MSFT.html,/ko/works/insight/archive/2026-04-26-MSFT/
/ko/blog/2026-04-26-MSFT,/ko/works/insight/archive/2026-04-26-MSFT/
/ko/blog/2026-04-26-MSFT/,/ko/works/insight/archive/2026-04-26-MSFT/
/ko/blog/2026-04-27-AAPL.html,/ko/works/insight/archive/2026-04-27-AAPL/
/ko/blog/2026-04-27-AAPL,/ko/works/insight/archive/2026-04-27-AAPL/
/ko/blog/2026-04-27-AAPL/,/ko/works/insight/archive/2026-04-27-AAPL/
/ko/blog/2026-04-27-GOOGL.html,/ko/works/insight/archive/2026-04-27-GOOGL/
/ko/blog/2026-04-27-GOOGL,/ko/works/insight/archive/2026-04-27-GOOGL/
/ko/blog/2026-04-27-GOOGL/,/ko/works/insight/archive/2026-04-27-GOOGL/
/ko/blog/2026-04-27-MSFT.html,/ko/works/insight/archive/2026-04-27-MSFT/
/ko/blog/2026-04-27-MSFT,/ko/works/insight/archive/2026-04-27-MSFT/
/ko/blog/2026-04-27-MSFT/,/ko/works/insight/archive/2026-04-27-MSFT/
/ko/blog/2026-04-29-AAPL.html,/ko/works/insight/archive/2026-04-29-AAPL/
/ko/blog/2026-04-29-AAPL,/ko/works/insight/archive/2026-04-29-AAPL/
/ko/blog/2026-04-29-AAPL/,/ko/works/insight/archive/2026-04-29-AAPL/
/ko/blog/2026-04-29-GOOGL.html,/ko/works/insight/archive/2026-04-29-GOOGL/
/ko/blog/2026-04-29-GOOGL,/ko/works/insight/archive/2026-04-29-GOOGL/
/ko/blog/2026-04-29-GOOGL/,/ko/works/insight/archive/2026-04-29-GOOGL/
/ko/blog/2026-04-29-MA.html,/ko/works/insight/archive/2026-04-29-MA/
/ko/blog/2026-04-29-MA,/ko/works/insight/archive/2026-04-29-MA/
/ko/blog/2026-04-29-MA/,/ko/works/insight/archive/2026-04-29-MA/
/ko/blog/2026-04-29-MSFT.html,/ko/works/insight/archive/2026-04-29-MSFT/
/ko/blog/2026-04-29-MSFT,/ko/works/insight/archive/2026-04-29-MSFT/
/ko/blog/2026-04-29-MSFT/,/ko/works/insight/archive/2026-04-29-MSFT/
/ko/blog/2026-04-29-QCOM.html,/ko/works/insight/archive/2026-04-29-QCOM/
/ko/blog/2026-04-29-QCOM,/ko/works/insight/archive/2026-04-29-QCOM/
/ko/blog/2026-04-29-QCOM/,/ko/works/insight/archive/2026-04-29-QCOM/
/ko/blog/2026-04-29-V.html,/ko/works/insight/archive/2026-04-29-V/
/ko/blog/2026-04-29-V,/ko/works/insight/archive/2026-04-29-V/
/ko/blog/2026-04-29-V/,/ko/works/insight/archive/2026-04-29-V/
/ko/blog/2026-04-30-LLY.html,/ko/works/insight/archive/2026-04-30-LLY/
/ko/blog/2026-04-30-LLY,/ko/works/insight/archive/2026-04-30-LLY/
/ko/blog/2026-04-30-LLY/,/ko/works/insight/archive/2026-04-30-LLY/
/ko/blog/2026-04-30-META.html,/ko/works/insight/archive/2026-04-30-META/
/ko/blog/2026-04-30-META,/ko/works/insight/archive/2026-04-30-META/
/ko/blog/2026-04-30-META/,/ko/works/insight/archive/2026-04-30-META/
/ko/blog/2026-04-30-NVDA.html,/ko/works/insight/archive/2026-04-30-NVDA/
/ko/blog/2026-04-30-NVDA,/ko/works/insight/archive/2026-04-30-NVDA/
/ko/blog/2026-04-30-NVDA/,/ko/works/insight/archive/2026-04-30-NVDA/
/ko/blog/2026-05-01-CRM.html,/ko/works/insight/archive/2026-05-01-CRM/
/ko/blog/2026-05-01-CRM,/ko/works/insight/archive/2026-05-01-CRM/
/ko/blog/2026-05-01-CRM/,/ko/works/insight/archive/2026-05-01-CRM/
/ko/blog/2026-05-01-ORCL.html,/ko/works/insight/archive/2026-05-01-ORCL/
/ko/blog/2026-05-01-ORCL,/ko/works/insight/archive/2026-05-01-ORCL/
/ko/blog/2026-05-01-ORCL/,/ko/works/insight/archive/2026-05-01-ORCL/
/ko/blog/2026-05-02-AMZN.html,/ko/works/insight/archive/2026-05-02-AMZN/
/ko/blog/2026-05-02-AMZN,/ko/works/insight/archive/2026-05-02-AMZN/
/ko/blog/2026-05-02-AMZN/,/ko/works/insight/archive/2026-05-02-AMZN/
/ko/blog/2026-05-02-BRK-B.html,/ko/works/insight/archive/2026-05-02-BRK-B/
/ko/blog/2026-05-02-BRK-B,/ko/works/insight/archive/2026-05-02-BRK-B/
/ko/blog/2026-05-02-BRK-B/,/ko/works/insight/archive/2026-05-02-BRK-B/
/ko/blog/2026-05-02-TSLA.html,/ko/works/insight/archive/2026-05-02-TSLA/
/ko/blog/2026-05-02-TSLA,/ko/works/insight/archive/2026-05-02-TSLA/
/ko/blog/2026-05-02-TSLA/,/ko/works/insight/archive/2026-05-02-TSLA/
/ko/blog/2026-05-03-JNJ.html,/ko/works/insight/archive/2026-05-03-JNJ/
/ko/blog/2026-05-03-JNJ,/ko/works/insight/archive/2026-05-03-JNJ/
/ko/blog/2026-05-03-JNJ/,/ko/works/insight/archive/2026-05-03-JNJ/
/ko/blog/2026-05-03-JPM.html,/ko/works/insight/archive/2026-05-03-JPM/
/ko/blog/2026-05-03-JPM,/ko/works/insight/archive/2026-05-03-JPM/
/ko/blog/2026-05-03-JPM/,/ko/works/insight/archive/2026-05-03-JPM/
/ko/blog/2026-05-03-WMT.html,/ko/works/insight/archive/2026-05-03-WMT/
/ko/blog/2026-05-03-WMT,/ko/works/insight/archive/2026-05-03-WMT/
/ko/blog/2026-05-03-WMT/,/ko/works/insight/archive/2026-05-03-WMT/
/ko/blog/2026-05-04-HD.html,/ko/works/insight/archive/2026-05-04-HD/
/ko/blog/2026-05-04-HD,/ko/works/insight/archive/2026-05-04-HD/
/ko/blog/2026-05-04-HD/,/ko/works/insight/archive/2026-05-04-HD/
/ko/blog/2026-05-04-PG.html,/ko/works/insight/archive/2026-05-04-PG/
/ko/blog/2026-05-04-PG,/ko/works/insight/archive/2026-05-04-PG/
/ko/blog/2026-05-04-PG/,/ko/works/insight/archive/2026-05-04-PG/
/ko/blog/2026-05-05-AMD.html,/ko/works/insight/archive/2026-05-05-AMD/
/ko/blog/2026-05-05-AMD,/ko/works/insight/archive/2026-05-05-AMD/
/ko/blog/2026-05-05-AMD/,/ko/works/insight/archive/2026-05-05-AMD/
/ko/blog/2026-05-05-INTC.html,/ko/works/insight/archive/2026-05-05-INTC/
/ko/blog/2026-05-05-INTC,/ko/works/insight/archive/2026-05-05-INTC/
/ko/blog/2026-05-05-INTC/,/ko/works/insight/archive/2026-05-05-INTC/
/ko/blog/2026-05-05-PYPL.html,/ko/works/insight/archive/2026-05-05-PYPL/
/ko/blog/2026-05-05-PYPL,/ko/works/insight/archive/2026-05-05-PYPL/
/ko/blog/2026-05-05-PYPL/,/ko/works/insight/archive/2026-05-05-PYPL/
/ko/blog/2026-05-06-DIS.html,/ko/works/insight/archive/2026-05-06-DIS/
/ko/blog/2026-05-06-DIS,/ko/works/insight/archive/2026-05-06-DIS/
/ko/blog/2026-05-06-DIS/,/ko/works/insight/archive/2026-05-06-DIS/
/ko/blog/2026-05-06-VIST.html,/ko/works/insight/archive/2026-05-06-VIST/
/ko/blog/2026-05-06-VIST,/ko/works/insight/archive/2026-05-06-VIST/
/ko/blog/2026-05-06-VIST/,/ko/works/insight/archive/2026-05-06-VIST/
/ko/blog/2026-05-07-ACN.html,/ko/works/insight/archive/2026-05-07-ACN/
/ko/blog/2026-05-07-ACN,/ko/works/insight/archive/2026-05-07-ACN/
/ko/blog/2026-05-07-ACN/,/ko/works/insight/archive/2026-05-07-ACN/
/ko/blog/2026-05-07-QCOM.html,/ko/works/insight/archive/2026-05-07-QCOM/
/ko/blog/2026-05-07-QCOM,/ko/works/insight/archive/2026-05-07-QCOM/
/ko/blog/2026-05-07-QCOM/,/ko/works/insight/archive/2026-05-07-QCOM/
/ko/blog/2026-05-08-AVGO.html,/ko/works/insight/archive/2026-05-08-AVGO/
/ko/blog/2026-05-08-AVGO,/ko/works/insight/archive/2026-05-08-AVGO/
/ko/blog/2026-05-08-AVGO/,/ko/works/insight/archive/2026-05-08-AVGO/
/ko/blog/2026-05-08-CMCSA.html,/ko/works/insight/archive/2026-05-08-CMCSA/
/ko/blog/2026-05-08-CMCSA,/ko/works/insight/archive/2026-05-08-CMCSA/
/ko/blog/2026-05-08-CMCSA/,/ko/works/insight/archive/2026-05-08-CMCSA/
/ko/blog/2026-05-09-AAPL.html,/ko/works/insight/archive/2026-05-09-AAPL/
/ko/blog/2026-05-09-AAPL,/ko/works/insight/archive/2026-05-09-AAPL/
/ko/blog/2026-05-09-AAPL/,/ko/works/insight/archive/2026-05-09-AAPL/
/ko/blog/2026-05-09-GOOGL.html,/ko/works/insight/archive/2026-05-09-GOOGL/
/ko/blog/2026-05-09-GOOGL,/ko/works/insight/archive/2026-05-09-GOOGL/
/ko/blog/2026-05-09-GOOGL/,/ko/works/insight/archive/2026-05-09-GOOGL/
/ko/blog/2026-05-09-MSFT.html,/ko/works/insight/archive/2026-05-09-MSFT/
/ko/blog/2026-05-09-MSFT,/ko/works/insight/archive/2026-05-09-MSFT/
/ko/blog/2026-05-09-MSFT/,/ko/works/insight/archive/2026-05-09-MSFT/
/ko/blog/2026-05-10-AMZN.html,/ko/works/insight/archive/2026-05-10-AMZN/
/ko/blog/2026-05-10-AMZN,/ko/works/insight/archive/2026-05-10-AMZN/
/ko/blog/2026-05-10-AMZN/,/ko/works/insight/archive/2026-05-10-AMZN/
/ko/blog/2026-05-10-META.html,/ko/works/insight/archive/2026-05-10-META/
/ko/blog/2026-05-10-META,/ko/works/insight/archive/2026-05-10-META/
/ko/blog/2026-05-10-META/,/ko/works/insight/archive/2026-05-10-META/
/ko/blog/2026-05-11-BRK-B.html,/ko/works/insight/archive/2026-05-11-BRK-B/
/ko/blog/2026-05-11-BRK-B,/ko/works/insight/archive/2026-05-11-BRK-B/
/ko/blog/2026-05-11-BRK-B/,/ko/works/insight/archive/2026-05-11-BRK-B/
/ko/blog/2026-05-11-NVDA.html,/ko/works/insight/archive/2026-05-11-NVDA/
/ko/blog/2026-05-11-NVDA,/ko/works/insight/archive/2026-05-11-NVDA/
/ko/blog/2026-05-11-NVDA/,/ko/works/insight/archive/2026-05-11-NVDA/
/ko/blog/2026-05-11-TSLA.html,/ko/works/insight/archive/2026-05-11-TSLA/
/ko/blog/2026-05-11-TSLA,/ko/works/insight/archive/2026-05-11-TSLA/
/ko/blog/2026-05-11-TSLA/,/ko/works/insight/archive/2026-05-11-TSLA/
/ko/blog/2026-05-14-JPM.html,/ko/works/insight/archive/2026-05-14-JPM/
/ko/blog/2026-05-14-JPM,/ko/works/insight/archive/2026-05-14-JPM/
/ko/blog/2026-05-14-JPM/,/ko/works/insight/archive/2026-05-14-JPM/
/ko/blog/2026-05-15-CSCO.html,/ko/works/insight/archive/2026-05-15-CSCO/
/ko/blog/2026-05-15-CSCO,/ko/works/insight/archive/2026-05-15-CSCO/
/ko/blog/2026-05-15-CSCO/,/ko/works/insight/archive/2026-05-15-CSCO/
/ko/blog/2026-05-15-WMT.html,/ko/works/insight/archive/2026-05-15-WMT/
/ko/blog/2026-05-15-WMT,/ko/works/insight/archive/2026-05-15-WMT/
/ko/blog/2026-05-15-WMT/,/ko/works/insight/archive/2026-05-15-WMT/
/ko/blog/2026-05-23-QCOM.html,/ko/works/insight/archive/2026-05-23-QCOM/
/ko/blog/2026-05-23-QCOM,/ko/works/insight/archive/2026-05-23-QCOM/
/ko/blog/2026-05-23-QCOM/,/ko/works/insight/archive/2026-05-23-QCOM/
/ko/blog/2026-05-26-BTC-USD.html,/ko/works/insight/archive/2026-05-26-BTC-USD/
/ko/blog/2026-05-26-BTC-USD,/ko/works/insight/archive/2026-05-26-BTC-USD/
/ko/blog/2026-05-26-BTC-USD/,/ko/works/insight/archive/2026-05-26-BTC-USD/
/ko/blog/2026-05-27-AMD.html,/ko/works/insight/archive/2026-05-27-AMD/
/ko/blog/2026-05-27-AMD,/ko/works/insight/archive/2026-05-27-AMD/
/ko/blog/2026-05-27-AMD/,/ko/works/insight/archive/2026-05-27-AMD/
/ko/blog/2026-05-28-META.html,/ko/works/insight/archive/2026-05-28-META/
/ko/blog/2026-05-28-META,/ko/works/insight/archive/2026-05-28-META/
/ko/blog/2026-05-28-META/,/ko/works/insight/archive/2026-05-28-META/
/ko/blog/2026-05-29-TMO.html,/ko/works/insight/archive/2026-05-29-TMO/
/ko/blog/2026-05-29-TMO,/ko/works/insight/archive/2026-05-29-TMO/
/ko/blog/2026-05-29-TMO/,/ko/works/insight/archive/2026-05-29-TMO/
/ko/blog/2026-05-30-ORCL.html,/ko/works/insight/archive/2026-05-30-ORCL/
/ko/blog/2026-05-30-ORCL,/ko/works/insight/archive/2026-05-30-ORCL/
/ko/blog/2026-05-30-ORCL/,/ko/works/insight/archive/2026-05-30-ORCL/
/ko/blog/2026-06-02-CRM.html,/ko/works/insight/archive/2026-06-02-CRM/
/ko/blog/2026-06-02-CRM,/ko/works/insight/archive/2026-06-02-CRM/
/ko/blog/2026-06-02-CRM/,/ko/works/insight/archive/2026-06-02-CRM/
/ko/blog/2026-06-02-NVDA.html,/ko/works/insight/archive/2026-06-02-NVDA/
/ko/blog/2026-06-02-NVDA,/ko/works/insight/archive/2026-06-02-NVDA/
/ko/blog/2026-06-02-NVDA/,/ko/works/insight/archive/2026-06-02-NVDA/
/ko/blog/2026-06-02-QCOM.html,/ko/works/insight/archive/2026-06-02-QCOM/
/ko/blog/2026-06-02-QCOM,/ko/works/insight/archive/2026-06-02-QCOM/
/ko/blog/2026-06-02-QCOM/,/ko/works/insight/archive/2026-06-02-QCOM/
/ko/blog/2026-06-03-ETH-USD.html,/ko/works/insight/archive/2026-06-03-ETH-USD/
/ko/blog/2026-06-03-ETH-USD,/ko/works/insight/archive/2026-06-03-ETH-USD/
/ko/blog/2026-06-03-ETH-USD/,/ko/works/insight/archive/2026-06-03-ETH-USD/
/ko/blog/2026-06-04-CMCSA.html,/ko/works/insight/archive/2026-06-04-CMCSA/
/ko/blog/2026-06-04-CMCSA,/ko/works/insight/archive/2026-06-04-CMCSA/
/ko/blog/2026-06-04-CMCSA/,/ko/works/insight/archive/2026-06-04-CMCSA/
/ko/blog/2026-06-05-AVGO.html,/ko/works/insight/archive/2026-06-05-AVGO/
/ko/blog/2026-06-05-AVGO,/ko/works/insight/archive/2026-06-05-AVGO/
/ko/blog/2026-06-05-AVGO/,/ko/works/insight/archive/2026-06-05-AVGO/
/ko/blog/2026-06-06-AMD.html,/ko/works/insight/archive/2026-06-06-AMD/
/ko/blog/2026-06-06-AMD,/ko/works/insight/archive/2026-06-06-AMD/
/ko/blog/2026-06-06-AMD/,/ko/works/insight/archive/2026-06-06-AMD/
/ko/blog/2026-06-06-INTC.html,/ko/works/insight/archive/2026-06-06-INTC/
/ko/blog/2026-06-06-INTC,/ko/works/insight/archive/2026-06-06-INTC/
/ko/blog/2026-06-06-INTC/,/ko/works/insight/archive/2026-06-06-INTC/
/ko/blog/2026-06-08-ORCL.html,/ko/works/insight/archive/2026-06-08-ORCL/
/ko/blog/2026-06-08-ORCL,/ko/works/insight/archive/2026-06-08-ORCL/
/ko/blog/2026-06-08-ORCL/,/ko/works/insight/archive/2026-06-08-ORCL/
/ko/blog/2026-06-09-TSLA.html,/ko/works/insight/archive/2026-06-09-TSLA/
/ko/blog/2026-06-09-TSLA,/ko/works/insight/archive/2026-06-09-TSLA/
/ko/blog/2026-06-09-TSLA/,/ko/works/insight/archive/2026-06-09-TSLA/
/ko/blog/2026-06-10-QCOM.html,/ko/works/insight/archive/2026-06-10-QCOM/
/ko/blog/2026-06-10-QCOM,/ko/works/insight/archive/2026-06-10-QCOM/
/ko/blog/2026-06-10-QCOM/,/ko/works/insight/archive/2026-06-10-QCOM/
/ko/blog/2026-06-11-GEV.html,/ko/works/insight/archive/2026-06-11-GEV/
/ko/blog/2026-06-11-GEV,/ko/works/insight/archive/2026-06-11-GEV/
/ko/blog/2026-06-11-GEV/,/ko/works/insight/archive/2026-06-11-GEV/
/ko/blog/2026-06-12-HON.html,/ko/works/insight/archive/2026-06-12-HON/
/ko/blog/2026-06-12-HON,/ko/works/insight/archive/2026-06-12-HON/
/ko/blog/2026-06-12-HON/,/ko/works/insight/archive/2026-06-12-HON/
/ko/blog/2026-06-13-ADBE.html,/ko/works/insight/archive/2026-06-13-ADBE/
/ko/blog/2026-06-13-ADBE,/ko/works/insight/archive/2026-06-13-ADBE/
/ko/blog/2026-06-13-ADBE/,/ko/works/insight/archive/2026-06-13-ADBE/
/ko/blog/2026-06-14-INTC.html,/ko/works/insight/archive/2026-06-14-INTC/
/ko/blog/2026-06-14-INTC,/ko/works/insight/archive/2026-06-14-INTC/
/ko/blog/2026-06-14-INTC/,/ko/works/insight/archive/2026-06-14-INTC/
/ko/blog/2026-06-15-AMD.html,/ko/works/insight/archive/2026-06-15-AMD/
/ko/blog/2026-06-15-AMD,/ko/works/insight/archive/2026-06-15-AMD/
/ko/blog/2026-06-15-AMD/,/ko/works/insight/archive/2026-06-15-AMD/
/ko/blog/2026-06-16-ABNB.html,/ko/works/insight/archive/2026-06-16-ABNB/
/ko/blog/2026-06-16-ABNB,/ko/works/insight/archive/2026-06-16-ABNB/
/ko/blog/2026-06-16-ABNB/,/ko/works/insight/archive/2026-06-16-ABNB/
/ko/blog/2026-06-17-AVGO.html,/ko/works/insight/archive/2026-06-17-AVGO/
/ko/blog/2026-06-17-AVGO,/ko/works/insight/archive/2026-06-17-AVGO/
/ko/blog/2026-06-17-AVGO/,/ko/works/insight/archive/2026-06-17-AVGO/
/ko/blog/2026-06-18-GEV.html,/ko/works/insight/archive/2026-06-18-GEV/
/ko/blog/2026-06-18-GEV,/ko/works/insight/archive/2026-06-18-GEV/
/ko/blog/2026-06-18-GEV/,/ko/works/insight/archive/2026-06-18-GEV/
/ko/blog/2026-06-19-ACN.html,/ko/works/insight/archive/2026-06-19-ACN/
/ko/blog/2026-06-19-ACN,/ko/works/insight/archive/2026-06-19-ACN/
/ko/blog/2026-06-19-ACN/,/ko/works/insight/archive/2026-06-19-ACN/
/ko/blog/2026-06-20-TXN.html,/ko/works/insight/archive/2026-06-20-TXN/
/ko/blog/2026-06-20-TXN,/ko/works/insight/archive/2026-06-20-TXN/
/ko/blog/2026-06-20-TXN/,/ko/works/insight/archive/2026-06-20-TXN/
/ko/blog/2026-06-21-INTC.html,/ko/works/insight/archive/2026-06-21-INTC/
/ko/blog/2026-06-21-INTC,/ko/works/insight/archive/2026-06-21-INTC/
/ko/blog/2026-06-21-INTC/,/ko/works/insight/archive/2026-06-21-INTC/
/ko/blog/2026-06-22-QCOM.html,/ko/works/insight/archive/2026-06-22-QCOM/
/ko/blog/2026-06-22-QCOM,/ko/works/insight/archive/2026-06-22-QCOM/
/ko/blog/2026-06-22-QCOM/,/ko/works/insight/archive/2026-06-22-QCOM/
/ko/blog/2026-06-23-ABBV.html,/ko/works/insight/archive/2026-06-23-ABBV/
/ko/blog/2026-06-23-ABBV,/ko/works/insight/archive/2026-06-23-ABBV/
/ko/blog/2026-06-23-ABBV/,/ko/works/insight/archive/2026-06-23-ABBV/
/ko/blog/2026-06-23-TSLA.html,/ko/works/insight/archive/2026-06-23-TSLA/
/ko/blog/2026-06-23-TSLA,/ko/works/insight/archive/2026-06-23-TSLA/
/ko/blog/2026-06-23-TSLA/,/ko/works/insight/archive/2026-06-23-TSLA/
/ko/blog/2026-06-25-HD.html,/ko/works/insight/archive/2026-06-25-HD/
/ko/blog/2026-06-25-HD,/ko/works/insight/archive/2026-06-25-HD/
/ko/blog/2026-06-25-HD/,/ko/works/insight/archive/2026-06-25-HD/
/ko/blog/2026-06-26-AAPL.html,/ko/works/insight/archive/2026-06-26-AAPL/
/ko/blog/2026-06-26-AAPL,/ko/works/insight/archive/2026-06-26-AAPL/
/ko/blog/2026-06-26-AAPL/,/ko/works/insight/archive/2026-06-26-AAPL/
/ko/blog/2026-06-26-LLY.html,/ko/works/insight/archive/2026-06-26-LLY/
/ko/blog/2026-06-26-LLY,/ko/works/insight/archive/2026-06-26-LLY/
/ko/blog/2026-06-26-LLY/,/ko/works/insight/archive/2026-06-26-LLY/
/ko/blog/2026-06-28-TXN.html,/ko/works/insight/archive/2026-06-28-TXN/
/ko/blog/2026-06-28-TXN,/ko/works/insight/archive/2026-06-28-TXN/
/ko/blog/2026-06-28-TXN/,/ko/works/insight/archive/2026-06-28-TXN/
/ko/blog/2026-06-29-HON.html,/ko/works/insight/archive/2026-06-29-HON/
/ko/blog/2026-06-29-HON,/ko/works/insight/archive/2026-06-29-HON/
/ko/blog/2026-06-29-HON/,/ko/works/insight/archive/2026-06-29-HON/
/ko/blog/2026-06-29-QCOM.html,/ko/works/insight/archive/2026-06-29-QCOM/
/ko/blog/2026-06-29-QCOM,/ko/works/insight/archive/2026-06-29-QCOM/
/ko/blog/2026-06-29-QCOM/,/ko/works/insight/archive/2026-06-29-QCOM/
/ko/blog/2026-07-01-AMD.html,/ko/works/insight/archive/2026-07-01-AMD/
/ko/blog/2026-07-01-AMD,/ko/works/insight/archive/2026-07-01-AMD/
/ko/blog/2026-07-01-AMD/,/ko/works/insight/archive/2026-07-01-AMD/
/ko/blog/2026-07-02-INTC.html,/ko/works/insight/archive/2026-07-02-INTC/
/ko/blog/2026-07-02-INTC,/ko/works/insight/archive/2026-07-02-INTC/
/ko/blog/2026-07-02-INTC/,/ko/works/insight/archive/2026-07-02-INTC/
/ko/blog/2026-07-02-TSLA.html,/ko/works/insight/archive/2026-07-02-TSLA/
/ko/blog/2026-07-02-TSLA,/ko/works/insight/archive/2026-07-02-TSLA/
/ko/blog/2026-07-02-TSLA/,/ko/works/insight/archive/2026-07-02-TSLA/
/ko/blog/2026-07-04-AAPL.html,/ko/works/insight/archive/2026-07-04-AAPL/
/ko/blog/2026-07-04-AAPL,/ko/works/insight/archive/2026-07-04-AAPL/
/ko/blog/2026-07-04-AAPL/,/ko/works/insight/archive/2026-07-04-AAPL/
/ko/blog/2026-07-04-META.html,/ko/works/insight/archive/2026-07-04-META/
/ko/blog/2026-07-04-META,/ko/works/insight/archive/2026-07-04-META/
/ko/blog/2026-07-04-META/,/ko/works/insight/archive/2026-07-04-META/
/ko/blog/2026-07-05-ACN.html,/ko/works/insight/archive/2026-07-05-ACN/
/ko/blog/2026-07-05-ACN,/ko/works/insight/archive/2026-07-05-ACN/
/ko/blog/2026-07-05-ACN/,/ko/works/insight/archive/2026-07-05-ACN/
/ko/blog/2026-07-07-GEV.html,/ko/works/insight/archive/2026-07-07-GEV/
/ko/blog/2026-07-07-GEV,/ko/works/insight/archive/2026-07-07-GEV/
/ko/blog/2026-07-07-GEV/,/ko/works/insight/archive/2026-07-07-GEV/
/ko/blog/2026-07-07-QCOM.html,/ko/works/insight/archive/2026-07-07-QCOM/
/ko/blog/2026-07-07-QCOM,/ko/works/insight/archive/2026-07-07-QCOM/
/ko/blog/2026-07-07-QCOM/,/ko/works/insight/archive/2026-07-07-QCOM/
/ko/blog/2026-07-09-VIST.html,/ko/works/insight/archive/2026-07-09-VIST/
/ko/blog/2026-07-09-VIST,/ko/works/insight/archive/2026-07-09-VIST/
/ko/blog/2026-07-09-VIST/,/ko/works/insight/archive/2026-07-09-VIST/
/ko/blog/2026-07-10-AMD.html,/ko/works/insight/archive/2026-07-10-AMD/
/ko/blog/2026-07-10-AMD,/ko/works/insight/archive/2026-07-10-AMD/
/ko/blog/2026-07-10-AMD/,/ko/works/insight/archive/2026-07-10-AMD/
/ko/blog/2026-07-10-NVDA.html,/ko/works/insight/archive/2026-07-10-NVDA/
/ko/blog/2026-07-10-NVDA,/ko/works/insight/archive/2026-07-10-NVDA/
/ko/blog/2026-07-10-NVDA/,/ko/works/insight/archive/2026-07-10-NVDA/
/ko/blog/2026-07-11-META.html,/ko/works/insight/archive/2026-07-11-META/
/ko/blog/2026-07-11-META,/ko/works/insight/archive/2026-07-11-META/
/ko/blog/2026-07-11-META/,/ko/works/insight/archive/2026-07-11-META/
/ko/blog/2026-07-12-NKE.html,/ko/works/insight/archive/2026-07-12-NKE/
/ko/blog/2026-07-12-NKE,/ko/works/insight/archive/2026-07-12-NKE/
/ko/blog/2026-07-12-NKE/,/ko/works/insight/archive/2026-07-12-NKE/
/ko/blog/2026-07-13-ORCL.html,/ko/works/insight/archive/2026-07-13-ORCL/
/ko/blog/2026-07-13-ORCL,/ko/works/insight/archive/2026-07-13-ORCL/
/ko/blog/2026-07-13-ORCL/,/ko/works/insight/archive/2026-07-13-ORCL/
/ko/blog/2026-07-14-ETH-USD.html,/ko/works/insight/archive/2026-07-14-ETH-USD/
/ko/blog/2026-07-14-ETH-USD,/ko/works/insight/archive/2026-07-14-ETH-USD/
/ko/blog/2026-07-14-ETH-USD/,/ko/works/insight/archive/2026-07-14-ETH-USD/
/ko/blog/2026-07-15-PYPL.html,/ko/works/insight/archive/2026-07-15-PYPL/
/ko/blog/2026-07-15-PYPL,/ko/works/insight/archive/2026-07-15-PYPL/
/ko/blog/2026-07-15-PYPL/,/ko/works/insight/archive/2026-07-15-PYPL/
/ko/blog/2026-07-16-ABT.html,/ko/works/insight/archive/2026-07-16-ABT/
/ko/blog/2026-07-16-ABT,/ko/works/insight/archive/2026-07-16-ABT/
/ko/blog/2026-07-16-ABT/,/ko/works/insight/archive/2026-07-16-ABT/
/ko/blog/2026-07-17-NFLX.html,/ko/works/insight/archive/2026-07-17-NFLX/
/ko/blog/2026-07-17-NFLX,/ko/works/insight/archive/2026-07-17-NFLX/
/ko/blog/2026-07-17-NFLX/,/ko/works/insight/archive/2026-07-17-NFLX/
/ko/blog/2026-07-18-KO.html,/ko/works/insight/archive/2026-07-18-KO/
/ko/blog/2026-07-18-KO,/ko/works/insight/archive/2026-07-18-KO/
/ko/blog/2026-07-18-KO/,/ko/works/insight/archive/2026-07-18-KO/
/ko/blog/2026-07-19-META.html,/ko/works/insight/archive/2026-07-19-META/
/ko/blog/2026-07-19-META,/ko/works/insight/archive/2026-07-19-META/
/ko/blog/2026-07-19-META/,/ko/works/insight/archive/2026-07-19-META/
/ko/blog/2026-07-20-ORCL.html,/ko/works/insight/archive/2026-07-20-ORCL/
/ko/blog/2026-07-20-ORCL,/ko/works/insight/archive/2026-07-20-ORCL/
/ko/blog/2026-07-20-ORCL/,/ko/works/insight/archive/2026-07-20-ORCL/
/ko/blog/2026-07-21-DHR.html,/ko/works/insight/archive/2026-07-21-DHR/
/ko/blog/2026-07-21-DHR,/ko/works/insight/archive/2026-07-21-DHR/
/ko/blog/2026-07-21-DHR/,/ko/works/insight/archive/2026-07-21-DHR/
/ko/blog/2026-07-22-GEV.html,/ko/works/insight/archive/2026-07-22-GEV/
/ko/blog/2026-07-22-GEV,/ko/works/insight/archive/2026-07-22-GEV/
/ko/blog/2026-07-22-GEV/,/ko/works/insight/archive/2026-07-22-GEV/
/ko/blog/2026-07-23-TSLA.html,/ko/works/insight/archive/2026-07-23-TSLA/
/ko/blog/2026-07-23-TSLA,/ko/works/insight/archive/2026-07-23-TSLA/
/ko/blog/2026-07-23-TSLA/,/ko/works/insight/archive/2026-07-23-TSLA/
/ko/blog/2026-07-24-INTC.html,/ko/works/insight/archive/2026-07-24-INTC/
/ko/blog/2026-07-24-INTC,/ko/works/insight/archive/2026-07-24-INTC/
/ko/blog/2026-07-24-INTC/,/ko/works/insight/archive/2026-07-24-INTC/
/ko/blog/2026-07-25-TMO.html,/ko/works/insight/archive/2026-07-25-TMO/
/ko/blog/2026-07-25-TMO,/ko/works/insight/archive/2026-07-25-TMO/
/ko/blog/2026-07-25-TMO/,/ko/works/insight/archive/2026-07-25-TMO/
/ko/blog/2026-07-26-ADBE.html,/ko/works/insight/archive/2026-07-26-ADBE/
/ko/blog/2026-07-26-ADBE,/ko/works/insight/archive/2026-07-26-ADBE/
/ko/blog/2026-07-26-ADBE/,/ko/works/insight/archive/2026-07-26-ADBE/
/ko/blog/2026-07-27-CRM.html,/ko/works/insight/archive/2026-07-27-CRM/
/ko/blog/2026-07-27-CRM,/ko/works/insight/archive/2026-07-27-CRM/
/ko/blog/2026-07-27-CRM/,/ko/works/insight/archive/2026-07-27-CRM/
/ko/blog/2026-07-28-AMD.html,/ko/works/insight/archive/2026-07-28-AMD/
/ko/blog/2026-07-28-AMD,/ko/works/insight/archive/2026-07-28-AMD/
/ko/blog/2026-07-28-AMD/,/ko/works/insight/archive/2026-07-28-AMD/
/ko/blog/2026-07-29-ACN.html,/ko/works/insight/archive/2026-07-29-ACN/
/ko/blog/2026-07-29-ACN,/ko/works/insight/archive/2026-07-29-ACN/
/ko/blog/2026-07-29-ACN/,/ko/works/insight/archive/2026-07-29-ACN/
/ko/blog/2026-07-30-MSFT.html,/ko/works/insight/archive/2026-07-30-MSFT/
/ko/blog/2026-07-30-MSFT,/ko/works/insight/archive/2026-07-30-MSFT/
/ko/blog/2026-07-30-MSFT/,/ko/works/insight/archive/2026-07-30-MSFT/
/ko/blog/beginner-01-what-is-dividend.html,/ko/learn/track-5-dividend/01-what-is-dividend/
/ko/blog/beginner-01-what-is-dividend,/ko/learn/track-5-dividend/01-what-is-dividend/
/ko/blog/beginner-01-what-is-dividend/,/ko/learn/track-5-dividend/01-what-is-dividend/
/ko/blog/beginner-02-dividend-yield.html,/ko/learn/track-5-dividend/02-dividend-yield/
/ko/blog/beginner-02-dividend-yield,/ko/learn/track-5-dividend/02-dividend-yield/
/ko/blog/beginner-02-dividend-yield/,/ko/learn/track-5-dividend/02-dividend-yield/
/ko/blog/beginner-03-payout-ratio.html,/ko/learn/track-5-dividend/03-payout-ratio/
/ko/blog/beginner-03-payout-ratio,/ko/learn/track-5-dividend/03-payout-ratio/
/ko/blog/beginner-03-payout-ratio/,/ko/learn/track-5-dividend/03-payout-ratio/
/ko/blog/beginner-04-drip.html,/ko/learn/track-5-dividend/04-drip/
/ko/blog/beginner-04-drip,/ko/learn/track-5-dividend/04-drip/
/ko/blog/beginner-04-drip/,/ko/learn/track-5-dividend/04-drip/
/ko/blog/beginner-05-dividend-aristocrats.html,/ko/learn/track-5-dividend/05-dividend-aristocrats/
/ko/blog/beginner-05-dividend-aristocrats,/ko/learn/track-5-dividend/05-dividend-aristocrats/
/ko/blog/beginner-05-dividend-aristocrats/,/ko/learn/track-5-dividend/05-dividend-aristocrats/
/ko/blog/beginner-06-yield-on-cost.html,/ko/learn/track-5-dividend/06-yield-on-cost/
/ko/blog/beginner-06-yield-on-cost,/ko/learn/track-5-dividend/06-yield-on-cost/
/ko/blog/beginner-06-yield-on-cost/,/ko/learn/track-5-dividend/06-yield-on-cost/
/ko/blog/beginner-07-dividend-calendar.html,/ko/learn/track-5-dividend/07-dividend-calendar/
/ko/blog/beginner-07-dividend-calendar,/ko/learn/track-5-dividend/07-dividend-calendar/
/ko/blog/beginner-07-dividend-calendar/,/ko/learn/track-5-dividend/07-dividend-calendar/
/ko/blog/beginner-08-sector-diversification.html,/ko/learn/track-5-dividend/08-sector-diversification/
/ko/blog/beginner-08-sector-diversification,/ko/learn/track-5-dividend/08-sector-diversification/
/ko/blog/beginner-08-sector-diversification/,/ko/learn/track-5-dividend/08-sector-diversification/
/ko/blog/beginner-09-us-tax.html,/ko/learn/track-5-dividend/09-us-tax/
/ko/blog/beginner-09-us-tax,/ko/learn/track-5-dividend/09-us-tax/
/ko/blog/beginner-09-us-tax/,/ko/learn/track-5-dividend/09-us-tax/
/ko/blog/beginner-10-start-portfolio.html,/ko/learn/track-5-dividend/10-start-portfolio/
/ko/blog/beginner-10-start-portfolio,/ko/learn/track-5-dividend/10-start-portfolio/
/ko/blog/beginner-10-start-portfolio/,/ko/learn/track-5-dividend/10-start-portfolio/
/ko/blog/compound-interest-power-ko.html,/ko/learn/track-5-dividend/
/ko/blog/compound-interest-power-ko,/ko/learn/track-5-dividend/
/ko/blog/compound-interest-power-ko/,/ko/learn/track-5-dividend/
/ko/blog/dividend-trap-guide-ko.html,/ko/learn/track-5-dividend/
/ko/blog/dividend-trap-guide-ko,/ko/learn/track-5-dividend/
/ko/blog/dividend-trap-guide-ko/,/ko/learn/track-5-dividend/
/ko/blog/faq-01-high-yield-trap.html,/ko/learn/track-5-dividend/
/ko/blog/faq-01-high-yield-trap,/ko/learn/track-5-dividend/
/ko/blog/faq-01-high-yield-trap/,/ko/learn/track-5-dividend/
/ko/blog/faq-02-dividend-growth-vs-high-yield.html,/ko/learn/track-5-dividend/
/ko/blog/faq-02-dividend-growth-vs-high-yield,/ko/learn/track-5-dividend/
/ko/blog/faq-02-dividend-growth-vs-high-yield/,/ko/learn/track-5-dividend/
/ko/blog/faq-03-drip-snowball-effect.html,/ko/learn/track-5-dividend/
/ko/blog/faq-03-drip-snowball-effect,/ko/learn/track-5-dividend/
/ko/blog/faq-03-drip-snowball-effect/,/ko/learn/track-5-dividend/
/ko/blog/faq-04-us-dividend-tax.html,/ko/learn/track-5-dividend/
/ko/blog/faq-04-us-dividend-tax,/ko/learn/track-5-dividend/
/ko/blog/faq-04-us-dividend-tax/,/ko/learn/track-5-dividend/
/ko/blog/faq-05-reits-ffo-affo.html,/ko/learn/track-5-dividend/
/ko/blog/faq-05-reits-ffo-affo,/ko/learn/track-5-dividend/
/ko/blog/faq-05-reits-ffo-affo/,/ko/learn/track-5-dividend/
/ko/blog/faq-06-exchange-rate-impact.html,/ko/learn/track-5-dividend/
/ko/blog/faq-06-exchange-rate-impact,/ko/learn/track-5-dividend/
/ko/blog/faq-06-exchange-rate-impact/,/ko/learn/track-5-dividend/
/ko/blog/monthly-apr.html,/ko/learn/track-5-dividend/
/ko/blog/monthly-apr,/ko/learn/track-5-dividend/
/ko/blog/monthly-apr/,/ko/learn/track-5-dividend/
/ko/blog/monthly-aug.html,/ko/learn/track-5-dividend/
/ko/blog/monthly-aug,/ko/learn/track-5-dividend/
/ko/blog/monthly-aug/,/ko/learn/track-5-dividend/
/ko/blog/monthly-dec.html,/ko/learn/track-5-dividend/
/ko/blog/monthly-dec,/ko/learn/track-5-dividend/
/ko/blog/monthly-dec/,/ko/learn/track-5-dividend/
/ko/blog/monthly-feb.html,/ko/learn/track-5-dividend/
/ko/blog/monthly-feb,/ko/learn/track-5-dividend/
/ko/blog/monthly-feb/,/ko/learn/track-5-dividend/
/ko/blog/monthly-jan.html,/ko/learn/track-5-dividend/
/ko/blog/monthly-jan,/ko/learn/track-5-dividend/
/ko/blog/monthly-jan/,/ko/learn/track-5-dividend/
/ko/blog/monthly-jul.html,/ko/learn/track-5-dividend/
/ko/blog/monthly-jul,/ko/learn/track-5-dividend/
/ko/blog/monthly-jul/,/ko/learn/track-5-dividend/
/ko/blog/monthly-jun.html,/ko/learn/track-5-dividend/
/ko/blog/monthly-jun,/ko/learn/track-5-dividend/
/ko/blog/monthly-jun/,/ko/learn/track-5-dividend/
/ko/blog/monthly-mar.html,/ko/learn/track-5-dividend/
/ko/blog/monthly-mar,/ko/learn/track-5-dividend/
/ko/blog/monthly-mar/,/ko/learn/track-5-dividend/
/ko/blog/monthly-may.html,/ko/learn/track-5-dividend/
/ko/blog/monthly-may,/ko/learn/track-5-dividend/
/ko/blog/monthly-may/,/ko/learn/track-5-dividend/
/ko/blog/monthly-oct.html,/ko/learn/track-5-dividend/
/ko/blog/monthly-oct,/ko/learn/track-5-dividend/
/ko/blog/monthly-oct/,/ko/learn/track-5-dividend/
/ko/blog/monthly-sep.html,/ko/learn/track-5-dividend/
/ko/blog/monthly-sep,/ko/learn/track-5-dividend/
/ko/blog/monthly-sep/,/ko/learn/track-5-dividend/
/ko/blog/sector-consumer-staples.html,/ko/learn/track-5-dividend/
/ko/blog/sector-consumer-staples,/ko/learn/track-5-dividend/
/ko/blog/sector-consumer-staples/,/ko/learn/track-5-dividend/
/ko/blog/sector-energy.html,/ko/learn/track-5-dividend/
/ko/blog/sector-energy,/ko/learn/track-5-dividend/
/ko/blog/sector-energy/,/ko/learn/track-5-dividend/
/ko/blog/sector-financial.html,/ko/learn/track-5-dividend/
/ko/blog/sector-financial,/ko/learn/track-5-dividend/
/ko/blog/sector-financial/,/ko/learn/track-5-dividend/
/ko/blog/sector-healthcare.html,/ko/learn/track-5-dividend/
/ko/blog/sector-healthcare,/ko/learn/track-5-dividend/
/ko/blog/sector-healthcare/,/ko/learn/track-5-dividend/
/ko/blog/sector-industrials.html,/ko/learn/track-5-dividend/
/ko/blog/sector-industrials,/ko/learn/track-5-dividend/
/ko/blog/sector-industrials/,/ko/learn/track-5-dividend/
/ko/blog/sector-reits.html,/ko/learn/track-5-dividend/
/ko/blog/sector-reits,/ko/learn/track-5-dividend/
/ko/blog/sector-reits/,/ko/learn/track-5-dividend/
/ko/blog/sector-technology.html,/ko/learn/track-5-dividend/
/ko/blog/sector-technology,/ko/learn/track-5-dividend/
/ko/blog/sector-technology/,/ko/learn/track-5-dividend/
/ko/blog/sector-utility.html,/ko/learn/track-5-dividend/
/ko/blog/sector-utility,/ko/learn/track-5-dividend/
/ko/blog/sector-utility/,/ko/learn/track-5-dividend/
/pt/about.html,/ko/about/
/pt/about,/ko/about/
/pt/about/,/ko/about/
/pt/blog.html,/ko/works/insight/archive/
/pt/blog,/ko/works/insight/archive/
/pt/blog/,/ko/works/insight/archive/
/pt/calculator.html,/ko/works/tools/
/pt/calculator,/ko/works/tools/
/pt/calculator/,/ko/works/tools/
/pt/calendar.html,/ko/works/tools/
/pt/calendar,/ko/works/tools/
/pt/calendar/,/ko/works/tools/
/pt/contact.html,/ko/about/
/pt/contact,/ko/about/
/pt/contact/,/ko/about/
/pt/fortune.html,/ko/works/tools/
/pt/fortune,/ko/works/tools/
/pt/fortune/,/ko/works/tools/
/pt/index.html,/ko/
/pt/index,/ko/
/pt/index/,/ko/
/pt/,/ko/
/pt/learn.html,/ko/learn/
/pt/learn,/ko/learn/
/pt/learn/,/ko/learn/
/pt/list.html,/ko/works/tools/
/pt/list,/ko/works/tools/
/pt/list/,/ko/works/tools/
/pt/privacy.html,/ko/legal/privacy/
/pt/privacy,/ko/legal/privacy/
/pt/privacy/,/ko/legal/privacy/
/pt/blog/2026-04-02-ETH-USD.html,/ko/works/insight/archive/2026-04-02-ETH-USD/
/pt/blog/2026-04-02-ETH-USD,/ko/works/insight/archive/2026-04-02-ETH-USD/
/pt/blog/2026-04-02-ETH-USD/,/ko/works/insight/archive/2026-04-02-ETH-USD/
/pt/blog/2026-04-02-INTC.html,/ko/works/insight/archive/2026-04-02-INTC/
/pt/blog/2026-04-02-INTC,/ko/works/insight/archive/2026-04-02-INTC/
/pt/blog/2026-04-02-INTC/,/ko/works/insight/archive/2026-04-02-INTC/
/pt/blog/2026-04-02-TSLA.html,/ko/works/insight/archive/2026-04-02-TSLA/
/pt/blog/2026-04-02-TSLA,/ko/works/insight/archive/2026-04-02-TSLA/
/pt/blog/2026-04-02-TSLA/,/ko/works/insight/archive/2026-04-02-TSLA/
/pt/blog/2026-04-03-AAPL.html,/ko/works/insight/archive/2026-04-03-AAPL/
/pt/blog/2026-04-03-AAPL,/ko/works/insight/archive/2026-04-03-AAPL/
/pt/blog/2026-04-03-AAPL/,/ko/works/insight/archive/2026-04-03-AAPL/
/pt/blog/2026-04-03-GOOGL.html,/ko/works/insight/archive/2026-04-03-GOOGL/
/pt/blog/2026-04-03-GOOGL,/ko/works/insight/archive/2026-04-03-GOOGL/
/pt/blog/2026-04-03-GOOGL/,/ko/works/insight/archive/2026-04-03-GOOGL/
/pt/blog/2026-04-03-MSFT.html,/ko/works/insight/archive/2026-04-03-MSFT/
/pt/blog/2026-04-03-MSFT,/ko/works/insight/archive/2026-04-03-MSFT/
/pt/blog/2026-04-03-MSFT/,/ko/works/insight/archive/2026-04-03-MSFT/
/pt/blog/2026-04-04-AAPL.html,/ko/works/insight/archive/2026-04-04-AAPL/
/pt/blog/2026-04-04-AAPL,/ko/works/insight/archive/2026-04-04-AAPL/
/pt/blog/2026-04-04-AAPL/,/ko/works/insight/archive/2026-04-04-AAPL/
/pt/blog/2026-04-04-GOOGL.html,/ko/works/insight/archive/2026-04-04-GOOGL/
/pt/blog/2026-04-04-GOOGL,/ko/works/insight/archive/2026-04-04-GOOGL/
/pt/blog/2026-04-04-GOOGL/,/ko/works/insight/archive/2026-04-04-GOOGL/
/pt/blog/2026-04-04-MSFT.html,/ko/works/insight/archive/2026-04-04-MSFT/
/pt/blog/2026-04-04-MSFT,/ko/works/insight/archive/2026-04-04-MSFT/
/pt/blog/2026-04-04-MSFT/,/ko/works/insight/archive/2026-04-04-MSFT/
/pt/blog/2026-04-05-AAPL.html,/ko/works/insight/archive/2026-04-05-AAPL/
/pt/blog/2026-04-05-AAPL,/ko/works/insight/archive/2026-04-05-AAPL/
/pt/blog/2026-04-05-AAPL/,/ko/works/insight/archive/2026-04-05-AAPL/
/pt/blog/2026-04-05-GOOGL.html,/ko/works/insight/archive/2026-04-05-GOOGL/
/pt/blog/2026-04-05-GOOGL,/ko/works/insight/archive/2026-04-05-GOOGL/
/pt/blog/2026-04-05-GOOGL/,/ko/works/insight/archive/2026-04-05-GOOGL/
/pt/blog/2026-04-05-MSFT.html,/ko/works/insight/archive/2026-04-05-MSFT/
/pt/blog/2026-04-05-MSFT,/ko/works/insight/archive/2026-04-05-MSFT/
/pt/blog/2026-04-05-MSFT/,/ko/works/insight/archive/2026-04-05-MSFT/
/pt/blog/2026-04-06-AAPL.html,/ko/works/insight/archive/2026-04-06-AAPL/
/pt/blog/2026-04-06-AAPL,/ko/works/insight/archive/2026-04-06-AAPL/
/pt/blog/2026-04-06-AAPL/,/ko/works/insight/archive/2026-04-06-AAPL/
/pt/blog/2026-04-06-GOOGL.html,/ko/works/insight/archive/2026-04-06-GOOGL/
/pt/blog/2026-04-06-GOOGL,/ko/works/insight/archive/2026-04-06-GOOGL/
/pt/blog/2026-04-06-GOOGL/,/ko/works/insight/archive/2026-04-06-GOOGL/
/pt/blog/2026-04-06-MSFT.html,/ko/works/insight/archive/2026-04-06-MSFT/
/pt/blog/2026-04-06-MSFT,/ko/works/insight/archive/2026-04-06-MSFT/
/pt/blog/2026-04-06-MSFT/,/ko/works/insight/archive/2026-04-06-MSFT/
/pt/blog/2026-04-07-AVGO.html,/ko/works/insight/archive/2026-04-07-AVGO/
/pt/blog/2026-04-07-AVGO,/ko/works/insight/archive/2026-04-07-AVGO/
/pt/blog/2026-04-07-AVGO/,/ko/works/insight/archive/2026-04-07-AVGO/
/pt/blog/2026-04-07-ETH-USD.html,/ko/works/insight/archive/2026-04-07-ETH-USD/
/pt/blog/2026-04-07-ETH-USD,/ko/works/insight/archive/2026-04-07-ETH-USD/
/pt/blog/2026-04-07-ETH-USD/,/ko/works/insight/archive/2026-04-07-ETH-USD/
/pt/blog/2026-04-07-UNH.html,/ko/works/insight/archive/2026-04-07-UNH/
/pt/blog/2026-04-07-UNH,/ko/works/insight/archive/2026-04-07-UNH/
/pt/blog/2026-04-07-UNH/,/ko/works/insight/archive/2026-04-07-UNH/
/pt/blog/2026-04-08-INTC.html,/ko/works/insight/archive/2026-04-08-INTC/
/pt/blog/2026-04-08-INTC,/ko/works/insight/archive/2026-04-08-INTC/
/pt/blog/2026-04-08-INTC/,/ko/works/insight/archive/2026-04-08-INTC/
/pt/blog/2026-04-08-META.html,/ko/works/insight/archive/2026-04-08-META/
/pt/blog/2026-04-08-META,/ko/works/insight/archive/2026-04-08-META/
/pt/blog/2026-04-08-META/,/ko/works/insight/archive/2026-04-08-META/
/pt/blog/2026-04-08-VIST.html,/ko/works/insight/archive/2026-04-08-VIST/
/pt/blog/2026-04-08-VIST,/ko/works/insight/archive/2026-04-08-VIST/
/pt/blog/2026-04-08-VIST/,/ko/works/insight/archive/2026-04-08-VIST/
/pt/blog/2026-04-09-AMZN.html,/ko/works/insight/archive/2026-04-09-AMZN/
/pt/blog/2026-04-09-AMZN,/ko/works/insight/archive/2026-04-09-AMZN/
/pt/blog/2026-04-09-AMZN/,/ko/works/insight/archive/2026-04-09-AMZN/
/pt/blog/2026-04-10-AMD.html,/ko/works/insight/archive/2026-04-10-AMD/
/pt/blog/2026-04-10-AMD,/ko/works/insight/archive/2026-04-10-AMD/
/pt/blog/2026-04-10-AMD/,/ko/works/insight/archive/2026-04-10-AMD/
/pt/blog/2026-04-10-AVGO.html,/ko/works/insight/archive/2026-04-10-AVGO/
/pt/blog/2026-04-10-AVGO,/ko/works/insight/archive/2026-04-10-AVGO/
/pt/blog/2026-04-10-AVGO/,/ko/works/insight/archive/2026-04-10-AVGO/
/pt/blog/2026-04-10-VZ.html,/ko/works/insight/archive/2026-04-10-VZ/
/pt/blog/2026-04-10-VZ,/ko/works/insight/archive/2026-04-10-VZ/
/pt/blog/2026-04-10-VZ/,/ko/works/insight/archive/2026-04-10-VZ/
/pt/blog/2026-04-11-AAPL.html,/ko/works/insight/archive/2026-04-11-AAPL/
/pt/blog/2026-04-11-AAPL,/ko/works/insight/archive/2026-04-11-AAPL/
/pt/blog/2026-04-11-AAPL/,/ko/works/insight/archive/2026-04-11-AAPL/
/pt/blog/2026-04-11-GOOGL.html,/ko/works/insight/archive/2026-04-11-GOOGL/
/pt/blog/2026-04-11-GOOGL,/ko/works/insight/archive/2026-04-11-GOOGL/
/pt/blog/2026-04-11-GOOGL/,/ko/works/insight/archive/2026-04-11-GOOGL/
/pt/blog/2026-04-11-MSFT.html,/ko/works/insight/archive/2026-04-11-MSFT/
/pt/blog/2026-04-11-MSFT,/ko/works/insight/archive/2026-04-11-MSFT/
/pt/blog/2026-04-11-MSFT/,/ko/works/insight/archive/2026-04-11-MSFT/
/pt/blog/2026-04-12-AAPL.html,/ko/works/insight/archive/2026-04-12-AAPL/
/pt/blog/2026-04-12-AAPL,/ko/works/insight/archive/2026-04-12-AAPL/
/pt/blog/2026-04-12-AAPL/,/ko/works/insight/archive/2026-04-12-AAPL/
/pt/blog/2026-04-12-GOOGL.html,/ko/works/insight/archive/2026-04-12-GOOGL/
/pt/blog/2026-04-12-GOOGL,/ko/works/insight/archive/2026-04-12-GOOGL/
/pt/blog/2026-04-12-GOOGL/,/ko/works/insight/archive/2026-04-12-GOOGL/
/pt/blog/2026-04-12-MSFT.html,/ko/works/insight/archive/2026-04-12-MSFT/
/pt/blog/2026-04-12-MSFT,/ko/works/insight/archive/2026-04-12-MSFT/
/pt/blog/2026-04-12-MSFT/,/ko/works/insight/archive/2026-04-12-MSFT/
/pt/blog/2026-04-13-AAPL.html,/ko/works/insight/archive/2026-04-13-AAPL/
/pt/blog/2026-04-13-AAPL,/ko/works/insight/archive/2026-04-13-AAPL/
/pt/blog/2026-04-13-AAPL/,/ko/works/insight/archive/2026-04-13-AAPL/
/pt/blog/2026-04-13-GOOGL.html,/ko/works/insight/archive/2026-04-13-GOOGL/
/pt/blog/2026-04-13-GOOGL,/ko/works/insight/archive/2026-04-13-GOOGL/
/pt/blog/2026-04-13-GOOGL/,/ko/works/insight/archive/2026-04-13-GOOGL/
/pt/blog/2026-04-13-MSFT.html,/ko/works/insight/archive/2026-04-13-MSFT/
/pt/blog/2026-04-13-MSFT,/ko/works/insight/archive/2026-04-13-MSFT/
/pt/blog/2026-04-13-MSFT/,/ko/works/insight/archive/2026-04-13-MSFT/
/pt/blog/2026-04-14-AMZN.html,/ko/works/insight/archive/2026-04-14-AMZN/
/pt/blog/2026-04-14-AMZN,/ko/works/insight/archive/2026-04-14-AMZN/
/pt/blog/2026-04-14-AMZN/,/ko/works/insight/archive/2026-04-14-AMZN/
/pt/blog/2026-04-14-META.html,/ko/works/insight/archive/2026-04-14-META/
/pt/blog/2026-04-14-META,/ko/works/insight/archive/2026-04-14-META/
/pt/blog/2026-04-14-META/,/ko/works/insight/archive/2026-04-14-META/
/pt/blog/2026-04-14-ORCL.html,/ko/works/insight/archive/2026-04-14-ORCL/
/pt/blog/2026-04-14-ORCL,/ko/works/insight/archive/2026-04-14-ORCL/
/pt/blog/2026-04-14-ORCL/,/ko/works/insight/archive/2026-04-14-ORCL/
/pt/blog/2026-04-15-AVGO.html,/ko/works/insight/archive/2026-04-15-AVGO/
/pt/blog/2026-04-15-AVGO,/ko/works/insight/archive/2026-04-15-AVGO/
/pt/blog/2026-04-15-AVGO/,/ko/works/insight/archive/2026-04-15-AVGO/
/pt/blog/2026-04-15-MSFT.html,/ko/works/insight/archive/2026-04-15-MSFT/
/pt/blog/2026-04-15-MSFT,/ko/works/insight/archive/2026-04-15-MSFT/
/pt/blog/2026-04-15-MSFT/,/ko/works/insight/archive/2026-04-15-MSFT/
/pt/blog/2026-04-15-TSLA.html,/ko/works/insight/archive/2026-04-15-TSLA/
/pt/blog/2026-04-15-TSLA,/ko/works/insight/archive/2026-04-15-TSLA/
/pt/blog/2026-04-15-TSLA/,/ko/works/insight/archive/2026-04-15-TSLA/
/pt/blog/2026-04-16-ABT.html,/ko/works/insight/archive/2026-04-16-ABT/
/pt/blog/2026-04-16-ABT,/ko/works/insight/archive/2026-04-16-ABT/
/pt/blog/2026-04-16-ABT/,/ko/works/insight/archive/2026-04-16-ABT/
/pt/blog/2026-04-16-AMD.html,/ko/works/insight/archive/2026-04-16-AMD/
/pt/blog/2026-04-16-AMD,/ko/works/insight/archive/2026-04-16-AMD/
/pt/blog/2026-04-16-AMD/,/ko/works/insight/archive/2026-04-16-AMD/
/pt/blog/2026-04-16-INTC.html,/ko/works/insight/archive/2026-04-16-INTC/
/pt/blog/2026-04-16-INTC,/ko/works/insight/archive/2026-04-16-INTC/
/pt/blog/2026-04-16-INTC/,/ko/works/insight/archive/2026-04-16-INTC/
/pt/blog/2026-04-17-HD.html,/ko/works/insight/archive/2026-04-17-HD/
/pt/blog/2026-04-17-HD,/ko/works/insight/archive/2026-04-17-HD/
/pt/blog/2026-04-17-HD/,/ko/works/insight/archive/2026-04-17-HD/
/pt/blog/2026-04-17-NFLX.html,/ko/works/insight/archive/2026-04-17-NFLX/
/pt/blog/2026-04-17-NFLX,/ko/works/insight/archive/2026-04-17-NFLX/
/pt/blog/2026-04-17-NFLX/,/ko/works/insight/archive/2026-04-17-NFLX/
/pt/blog/2026-04-17-XOM.html,/ko/works/insight/archive/2026-04-17-XOM/
/pt/blog/2026-04-17-XOM,/ko/works/insight/archive/2026-04-17-XOM/
/pt/blog/2026-04-17-XOM/,/ko/works/insight/archive/2026-04-17-XOM/
/pt/blog/2026-04-18-AAPL.html,/ko/works/insight/archive/2026-04-18-AAPL/
/pt/blog/2026-04-18-AAPL,/ko/works/insight/archive/2026-04-18-AAPL/
/pt/blog/2026-04-18-AAPL/,/ko/works/insight/archive/2026-04-18-AAPL/
/pt/blog/2026-04-18-GOOGL.html,/ko/works/insight/archive/2026-04-18-GOOGL/
/pt/blog/2026-04-18-GOOGL,/ko/works/insight/archive/2026-04-18-GOOGL/
/pt/blog/2026-04-18-GOOGL/,/ko/works/insight/archive/2026-04-18-GOOGL/
/pt/blog/2026-04-18-MSFT.html,/ko/works/insight/archive/2026-04-18-MSFT/
/pt/blog/2026-04-18-MSFT,/ko/works/insight/archive/2026-04-18-MSFT/
/pt/blog/2026-04-18-MSFT/,/ko/works/insight/archive/2026-04-18-MSFT/
/pt/blog/2026-04-19-AAPL.html,/ko/works/insight/archive/2026-04-19-AAPL/
/pt/blog/2026-04-19-AAPL,/ko/works/insight/archive/2026-04-19-AAPL/
/pt/blog/2026-04-19-AAPL/,/ko/works/insight/archive/2026-04-19-AAPL/
/pt/blog/2026-04-19-GOOGL.html,/ko/works/insight/archive/2026-04-19-GOOGL/
/pt/blog/2026-04-19-GOOGL,/ko/works/insight/archive/2026-04-19-GOOGL/
/pt/blog/2026-04-19-GOOGL/,/ko/works/insight/archive/2026-04-19-GOOGL/
/pt/blog/2026-04-19-MSFT.html,/ko/works/insight/archive/2026-04-19-MSFT/
/pt/blog/2026-04-19-MSFT,/ko/works/insight/archive/2026-04-19-MSFT/
/pt/blog/2026-04-19-MSFT/,/ko/works/insight/archive/2026-04-19-MSFT/
/pt/blog/2026-04-20-AAPL.html,/ko/works/insight/archive/2026-04-20-AAPL/
/pt/blog/2026-04-20-AAPL,/ko/works/insight/archive/2026-04-20-AAPL/
/pt/blog/2026-04-20-AAPL/,/ko/works/insight/archive/2026-04-20-AAPL/
/pt/blog/2026-04-20-GOOGL.html,/ko/works/insight/archive/2026-04-20-GOOGL/
/pt/blog/2026-04-20-GOOGL,/ko/works/insight/archive/2026-04-20-GOOGL/
/pt/blog/2026-04-20-GOOGL/,/ko/works/insight/archive/2026-04-20-GOOGL/
/pt/blog/2026-04-20-MSFT.html,/ko/works/insight/archive/2026-04-20-MSFT/
/pt/blog/2026-04-20-MSFT,/ko/works/insight/archive/2026-04-20-MSFT/
/pt/blog/2026-04-20-MSFT/,/ko/works/insight/archive/2026-04-20-MSFT/
/pt/blog/2026-04-21-AMD.html,/ko/works/insight/archive/2026-04-21-AMD/
/pt/blog/2026-04-21-AMD,/ko/works/insight/archive/2026-04-21-AMD/
/pt/blog/2026-04-21-AMD/,/ko/works/insight/archive/2026-04-21-AMD/
/pt/blog/2026-04-21-MRK.html,/ko/works/insight/archive/2026-04-21-MRK/
/pt/blog/2026-04-21-MRK,/ko/works/insight/archive/2026-04-21-MRK/
/pt/blog/2026-04-21-MRK/,/ko/works/insight/archive/2026-04-21-MRK/
/pt/blog/2026-04-21-UNH.html,/ko/works/insight/archive/2026-04-21-UNH/
/pt/blog/2026-04-21-UNH,/ko/works/insight/archive/2026-04-21-UNH/
/pt/blog/2026-04-21-UNH/,/ko/works/insight/archive/2026-04-21-UNH/
/pt/blog/2026-04-22-AMD.html,/ko/works/insight/archive/2026-04-22-AMD/
/pt/blog/2026-04-22-AMD,/ko/works/insight/archive/2026-04-22-AMD/
/pt/blog/2026-04-22-AMD/,/ko/works/insight/archive/2026-04-22-AMD/
/pt/blog/2026-04-22-DHR.html,/ko/works/insight/archive/2026-04-22-DHR/
/pt/blog/2026-04-22-DHR,/ko/works/insight/archive/2026-04-22-DHR/
/pt/blog/2026-04-22-DHR/,/ko/works/insight/archive/2026-04-22-DHR/
/pt/blog/2026-04-23-CRM.html,/ko/works/insight/archive/2026-04-23-CRM/
/pt/blog/2026-04-23-CRM,/ko/works/insight/archive/2026-04-23-CRM/
/pt/blog/2026-04-23-CRM/,/ko/works/insight/archive/2026-04-23-CRM/
/pt/blog/2026-04-23-TMO.html,/ko/works/insight/archive/2026-04-23-TMO/
/pt/blog/2026-04-23-TMO,/ko/works/insight/archive/2026-04-23-TMO/
/pt/blog/2026-04-23-TMO/,/ko/works/insight/archive/2026-04-23-TMO/
/pt/blog/2026-04-23-TXN.html,/ko/works/insight/archive/2026-04-23-TXN/
/pt/blog/2026-04-23-TXN,/ko/works/insight/archive/2026-04-23-TXN/
/pt/blog/2026-04-23-TXN/,/ko/works/insight/archive/2026-04-23-TXN/
/pt/blog/2026-04-24-AMD.html,/ko/works/insight/archive/2026-04-24-AMD/
/pt/blog/2026-04-24-AMD,/ko/works/insight/archive/2026-04-24-AMD/
/pt/blog/2026-04-24-AMD/,/ko/works/insight/archive/2026-04-24-AMD/
/pt/blog/2026-04-24-CMCSA.html,/ko/works/insight/archive/2026-04-24-CMCSA/
/pt/blog/2026-04-24-CMCSA,/ko/works/insight/archive/2026-04-24-CMCSA/
/pt/blog/2026-04-24-CMCSA/,/ko/works/insight/archive/2026-04-24-CMCSA/
/pt/blog/2026-04-24-INTC.html,/ko/works/insight/archive/2026-04-24-INTC/
/pt/blog/2026-04-24-INTC,/ko/works/insight/archive/2026-04-24-INTC/
/pt/blog/2026-04-24-INTC/,/ko/works/insight/archive/2026-04-24-INTC/
/pt/blog/2026-04-25-AAPL.html,/ko/works/insight/archive/2026-04-25-AAPL/
/pt/blog/2026-04-25-AAPL,/ko/works/insight/archive/2026-04-25-AAPL/
/pt/blog/2026-04-25-AAPL/,/ko/works/insight/archive/2026-04-25-AAPL/
/pt/blog/2026-04-25-GOOGL.html,/ko/works/insight/archive/2026-04-25-GOOGL/
/pt/blog/2026-04-25-GOOGL,/ko/works/insight/archive/2026-04-25-GOOGL/
/pt/blog/2026-04-25-GOOGL/,/ko/works/insight/archive/2026-04-25-GOOGL/
/pt/blog/2026-04-25-MSFT.html,/ko/works/insight/archive/2026-04-25-MSFT/
/pt/blog/2026-04-25-MSFT,/ko/works/insight/archive/2026-04-25-MSFT/
/pt/blog/2026-04-25-MSFT/,/ko/works/insight/archive/2026-04-25-MSFT/
/pt/blog/2026-04-26-AAPL.html,/ko/works/insight/archive/2026-04-26-AAPL/
/pt/blog/2026-04-26-AAPL,/ko/works/insight/archive/2026-04-26-AAPL/
/pt/blog/2026-04-26-AAPL/,/ko/works/insight/archive/2026-04-26-AAPL/
/pt/blog/2026-04-26-GOOGL.html,/ko/works/insight/archive/2026-04-26-GOOGL/
/pt/blog/2026-04-26-GOOGL,/ko/works/insight/archive/2026-04-26-GOOGL/
/pt/blog/2026-04-26-GOOGL/,/ko/works/insight/archive/2026-04-26-GOOGL/
/pt/blog/2026-04-26-MSFT.html,/ko/works/insight/archive/2026-04-26-MSFT/
/pt/blog/2026-04-26-MSFT,/ko/works/insight/archive/2026-04-26-MSFT/
/pt/blog/2026-04-26-MSFT/,/ko/works/insight/archive/2026-04-26-MSFT/
/pt/blog/2026-04-27-AAPL.html,/ko/works/insight/archive/2026-04-27-AAPL/
/pt/blog/2026-04-27-AAPL,/ko/works/insight/archive/2026-04-27-AAPL/
/pt/blog/2026-04-27-AAPL/,/ko/works/insight/archive/2026-04-27-AAPL/
/pt/blog/2026-04-27-GOOGL.html,/ko/works/insight/archive/2026-04-27-GOOGL/
/pt/blog/2026-04-27-GOOGL,/ko/works/insight/archive/2026-04-27-GOOGL/
/pt/blog/2026-04-27-GOOGL/,/ko/works/insight/archive/2026-04-27-GOOGL/
/pt/blog/2026-04-27-MSFT.html,/ko/works/insight/archive/2026-04-27-MSFT/
/pt/blog/2026-04-27-MSFT,/ko/works/insight/archive/2026-04-27-MSFT/
/pt/blog/2026-04-27-MSFT/,/ko/works/insight/archive/2026-04-27-MSFT/
/pt/blog/2026-04-29-AAPL.html,/ko/works/insight/archive/2026-04-29-AAPL/
/pt/blog/2026-04-29-AAPL,/ko/works/insight/archive/2026-04-29-AAPL/
/pt/blog/2026-04-29-AAPL/,/ko/works/insight/archive/2026-04-29-AAPL/
/pt/blog/2026-04-29-GOOGL.html,/ko/works/insight/archive/2026-04-29-GOOGL/
/pt/blog/2026-04-29-GOOGL,/ko/works/insight/archive/2026-04-29-GOOGL/
/pt/blog/2026-04-29-GOOGL/,/ko/works/insight/archive/2026-04-29-GOOGL/
/pt/blog/2026-04-29-MA.html,/ko/works/insight/archive/2026-04-29-MA/
/pt/blog/2026-04-29-MA,/ko/works/insight/archive/2026-04-29-MA/
/pt/blog/2026-04-29-MA/,/ko/works/insight/archive/2026-04-29-MA/
/pt/blog/2026-04-29-MSFT.html,/ko/works/insight/archive/2026-04-29-MSFT/
/pt/blog/2026-04-29-MSFT,/ko/works/insight/archive/2026-04-29-MSFT/
/pt/blog/2026-04-29-MSFT/,/ko/works/insight/archive/2026-04-29-MSFT/
/pt/blog/2026-04-29-QCOM.html,/ko/works/insight/archive/2026-04-29-QCOM/
/pt/blog/2026-04-29-QCOM,/ko/works/insight/archive/2026-04-29-QCOM/
/pt/blog/2026-04-29-QCOM/,/ko/works/insight/archive/2026-04-29-QCOM/
/pt/blog/2026-04-29-V.html,/ko/works/insight/archive/2026-04-29-V/
/pt/blog/2026-04-29-V,/ko/works/insight/archive/2026-04-29-V/
/pt/blog/2026-04-29-V/,/ko/works/insight/archive/2026-04-29-V/
/pt/blog/2026-04-30-LLY.html,/ko/works/insight/archive/2026-04-30-LLY/
/pt/blog/2026-04-30-LLY,/ko/works/insight/archive/2026-04-30-LLY/
/pt/blog/2026-04-30-LLY/,/ko/works/insight/archive/2026-04-30-LLY/
/pt/blog/2026-04-30-META.html,/ko/works/insight/archive/2026-04-30-META/
/pt/blog/2026-04-30-META,/ko/works/insight/archive/2026-04-30-META/
/pt/blog/2026-04-30-META/,/ko/works/insight/archive/2026-04-30-META/
/pt/blog/2026-04-30-NVDA.html,/ko/works/insight/archive/2026-04-30-NVDA/
/pt/blog/2026-04-30-NVDA,/ko/works/insight/archive/2026-04-30-NVDA/
/pt/blog/2026-04-30-NVDA/,/ko/works/insight/archive/2026-04-30-NVDA/
/pt/blog/2026-05-01-CRM.html,/ko/works/insight/archive/2026-05-01-CRM/
/pt/blog/2026-05-01-CRM,/ko/works/insight/archive/2026-05-01-CRM/
/pt/blog/2026-05-01-CRM/,/ko/works/insight/archive/2026-05-01-CRM/
/pt/blog/2026-05-01-ORCL.html,/ko/works/insight/archive/2026-05-01-ORCL/
/pt/blog/2026-05-01-ORCL,/ko/works/insight/archive/2026-05-01-ORCL/
/pt/blog/2026-05-01-ORCL/,/ko/works/insight/archive/2026-05-01-ORCL/
/pt/blog/2026-05-02-AMZN.html,/ko/works/insight/archive/2026-05-02-AMZN/
/pt/blog/2026-05-02-AMZN,/ko/works/insight/archive/2026-05-02-AMZN/
/pt/blog/2026-05-02-AMZN/,/ko/works/insight/archive/2026-05-02-AMZN/
/pt/blog/2026-05-02-BRK-B.html,/ko/works/insight/archive/2026-05-02-BRK-B/
/pt/blog/2026-05-02-BRK-B,/ko/works/insight/archive/2026-05-02-BRK-B/
/pt/blog/2026-05-02-BRK-B/,/ko/works/insight/archive/2026-05-02-BRK-B/
/pt/blog/2026-05-02-TSLA.html,/ko/works/insight/archive/2026-05-02-TSLA/
/pt/blog/2026-05-02-TSLA,/ko/works/insight/archive/2026-05-02-TSLA/
/pt/blog/2026-05-02-TSLA/,/ko/works/insight/archive/2026-05-02-TSLA/
/pt/blog/2026-05-03-JNJ.html,/ko/works/insight/archive/2026-05-03-JNJ/
/pt/blog/2026-05-03-JNJ,/ko/works/insight/archive/2026-05-03-JNJ/
/pt/blog/2026-05-03-JNJ/,/ko/works/insight/archive/2026-05-03-JNJ/
/pt/blog/2026-05-03-JPM.html,/ko/works/insight/archive/2026-05-03-JPM/
/pt/blog/2026-05-03-JPM,/ko/works/insight/archive/2026-05-03-JPM/
/pt/blog/2026-05-03-JPM/,/ko/works/insight/archive/2026-05-03-JPM/
/pt/blog/2026-05-03-WMT.html,/ko/works/insight/archive/2026-05-03-WMT/
/pt/blog/2026-05-03-WMT,/ko/works/insight/archive/2026-05-03-WMT/
/pt/blog/2026-05-03-WMT/,/ko/works/insight/archive/2026-05-03-WMT/
/pt/blog/2026-05-04-HD.html,/ko/works/insight/archive/2026-05-04-HD/
/pt/blog/2026-05-04-HD,/ko/works/insight/archive/2026-05-04-HD/
/pt/blog/2026-05-04-HD/,/ko/works/insight/archive/2026-05-04-HD/
/pt/blog/2026-05-04-PG.html,/ko/works/insight/archive/2026-05-04-PG/
/pt/blog/2026-05-04-PG,/ko/works/insight/archive/2026-05-04-PG/
/pt/blog/2026-05-04-PG/,/ko/works/insight/archive/2026-05-04-PG/
/pt/blog/2026-05-05-AMD.html,/ko/works/insight/archive/2026-05-05-AMD/
/pt/blog/2026-05-05-AMD,/ko/works/insight/archive/2026-05-05-AMD/
/pt/blog/2026-05-05-AMD/,/ko/works/insight/archive/2026-05-05-AMD/
/pt/blog/2026-05-05-INTC.html,/ko/works/insight/archive/2026-05-05-INTC/
/pt/blog/2026-05-05-INTC,/ko/works/insight/archive/2026-05-05-INTC/
/pt/blog/2026-05-05-INTC/,/ko/works/insight/archive/2026-05-05-INTC/
/pt/blog/2026-05-05-PYPL.html,/ko/works/insight/archive/2026-05-05-PYPL/
/pt/blog/2026-05-05-PYPL,/ko/works/insight/archive/2026-05-05-PYPL/
/pt/blog/2026-05-05-PYPL/,/ko/works/insight/archive/2026-05-05-PYPL/
/pt/blog/2026-05-06-DIS.html,/ko/works/insight/archive/2026-05-06-DIS/
/pt/blog/2026-05-06-DIS,/ko/works/insight/archive/2026-05-06-DIS/
/pt/blog/2026-05-06-DIS/,/ko/works/insight/archive/2026-05-06-DIS/
/pt/blog/2026-05-06-VIST.html,/ko/works/insight/archive/2026-05-06-VIST/
/pt/blog/2026-05-06-VIST,/ko/works/insight/archive/2026-05-06-VIST/
/pt/blog/2026-05-06-VIST/,/ko/works/insight/archive/2026-05-06-VIST/
/pt/blog/2026-05-07-ACN.html,/ko/works/insight/archive/2026-05-07-ACN/
/pt/blog/2026-05-07-ACN,/ko/works/insight/archive/2026-05-07-ACN/
/pt/blog/2026-05-07-ACN/,/ko/works/insight/archive/2026-05-07-ACN/
/pt/blog/2026-05-07-QCOM.html,/ko/works/insight/archive/2026-05-07-QCOM/
/pt/blog/2026-05-07-QCOM,/ko/works/insight/archive/2026-05-07-QCOM/
/pt/blog/2026-05-07-QCOM/,/ko/works/insight/archive/2026-05-07-QCOM/
/pt/blog/2026-05-08-AVGO.html,/ko/works/insight/archive/2026-05-08-AVGO/
/pt/blog/2026-05-08-AVGO,/ko/works/insight/archive/2026-05-08-AVGO/
/pt/blog/2026-05-08-AVGO/,/ko/works/insight/archive/2026-05-08-AVGO/
/pt/blog/2026-05-08-CMCSA.html,/ko/works/insight/archive/2026-05-08-CMCSA/
/pt/blog/2026-05-08-CMCSA,/ko/works/insight/archive/2026-05-08-CMCSA/
/pt/blog/2026-05-08-CMCSA/,/ko/works/insight/archive/2026-05-08-CMCSA/
/pt/blog/2026-05-09-AAPL.html,/ko/works/insight/archive/2026-05-09-AAPL/
/pt/blog/2026-05-09-AAPL,/ko/works/insight/archive/2026-05-09-AAPL/
/pt/blog/2026-05-09-AAPL/,/ko/works/insight/archive/2026-05-09-AAPL/
/pt/blog/2026-05-09-GOOGL.html,/ko/works/insight/archive/2026-05-09-GOOGL/
/pt/blog/2026-05-09-GOOGL,/ko/works/insight/archive/2026-05-09-GOOGL/
/pt/blog/2026-05-09-GOOGL/,/ko/works/insight/archive/2026-05-09-GOOGL/
/pt/blog/2026-05-09-MSFT.html,/ko/works/insight/archive/2026-05-09-MSFT/
/pt/blog/2026-05-09-MSFT,/ko/works/insight/archive/2026-05-09-MSFT/
/pt/blog/2026-05-09-MSFT/,/ko/works/insight/archive/2026-05-09-MSFT/
/pt/blog/2026-05-10-AMZN.html,/ko/works/insight/archive/2026-05-10-AMZN/
/pt/blog/2026-05-10-AMZN,/ko/works/insight/archive/2026-05-10-AMZN/
/pt/blog/2026-05-10-AMZN/,/ko/works/insight/archive/2026-05-10-AMZN/
/pt/blog/2026-05-10-META.html,/ko/works/insight/archive/2026-05-10-META/
/pt/blog/2026-05-10-META,/ko/works/insight/archive/2026-05-10-META/
/pt/blog/2026-05-10-META/,/ko/works/insight/archive/2026-05-10-META/
/pt/blog/2026-05-11-BRK-B.html,/ko/works/insight/archive/2026-05-11-BRK-B/
/pt/blog/2026-05-11-BRK-B,/ko/works/insight/archive/2026-05-11-BRK-B/
/pt/blog/2026-05-11-BRK-B/,/ko/works/insight/archive/2026-05-11-BRK-B/
/pt/blog/2026-05-11-NVDA.html,/ko/works/insight/archive/2026-05-11-NVDA/
/pt/blog/2026-05-11-NVDA,/ko/works/insight/archive/2026-05-11-NVDA/
/pt/blog/2026-05-11-NVDA/,/ko/works/insight/archive/2026-05-11-NVDA/
/pt/blog/2026-05-11-TSLA.html,/ko/works/insight/archive/2026-05-11-TSLA/
/pt/blog/2026-05-11-TSLA,/ko/works/insight/archive/2026-05-11-TSLA/
/pt/blog/2026-05-11-TSLA/,/ko/works/insight/archive/2026-05-11-TSLA/
/pt/blog/2026-05-14-JPM.html,/ko/works/insight/archive/2026-05-14-JPM/
/pt/blog/2026-05-14-JPM,/ko/works/insight/archive/2026-05-14-JPM/
/pt/blog/2026-05-14-JPM/,/ko/works/insight/archive/2026-05-14-JPM/
/pt/blog/2026-05-15-CSCO.html,/ko/works/insight/archive/2026-05-15-CSCO/
/pt/blog/2026-05-15-CSCO,/ko/works/insight/archive/2026-05-15-CSCO/
/pt/blog/2026-05-15-CSCO/,/ko/works/insight/archive/2026-05-15-CSCO/
/pt/blog/2026-05-15-WMT.html,/ko/works/insight/archive/2026-05-15-WMT/
/pt/blog/2026-05-15-WMT,/ko/works/insight/archive/2026-05-15-WMT/
/pt/blog/2026-05-15-WMT/,/ko/works/insight/archive/2026-05-15-WMT/
/pt/blog/2026-05-23-QCOM.html,/ko/works/insight/archive/2026-05-23-QCOM/
/pt/blog/2026-05-23-QCOM,/ko/works/insight/archive/2026-05-23-QCOM/
/pt/blog/2026-05-23-QCOM/,/ko/works/insight/archive/2026-05-23-QCOM/
/pt/blog/2026-05-26-BTC-USD.html,/ko/works/insight/archive/2026-05-26-BTC-USD/
/pt/blog/2026-05-26-BTC-USD,/ko/works/insight/archive/2026-05-26-BTC-USD/
/pt/blog/2026-05-26-BTC-USD/,/ko/works/insight/archive/2026-05-26-BTC-USD/
/pt/blog/2026-05-27-AMD.html,/ko/works/insight/archive/2026-05-27-AMD/
/pt/blog/2026-05-27-AMD,/ko/works/insight/archive/2026-05-27-AMD/
/pt/blog/2026-05-27-AMD/,/ko/works/insight/archive/2026-05-27-AMD/
/pt/blog/2026-05-28-META.html,/ko/works/insight/archive/2026-05-28-META/
/pt/blog/2026-05-28-META,/ko/works/insight/archive/2026-05-28-META/
/pt/blog/2026-05-28-META/,/ko/works/insight/archive/2026-05-28-META/
/pt/blog/2026-05-29-TMO.html,/ko/works/insight/archive/2026-05-29-TMO/
/pt/blog/2026-05-29-TMO,/ko/works/insight/archive/2026-05-29-TMO/
/pt/blog/2026-05-29-TMO/,/ko/works/insight/archive/2026-05-29-TMO/
/pt/blog/2026-05-30-ORCL.html,/ko/works/insight/archive/2026-05-30-ORCL/
/pt/blog/2026-05-30-ORCL,/ko/works/insight/archive/2026-05-30-ORCL/
/pt/blog/2026-05-30-ORCL/,/ko/works/insight/archive/2026-05-30-ORCL/
/pt/blog/2026-06-02-CRM.html,/ko/works/insight/archive/2026-06-02-CRM/
/pt/blog/2026-06-02-CRM,/ko/works/insight/archive/2026-06-02-CRM/
/pt/blog/2026-06-02-CRM/,/ko/works/insight/archive/2026-06-02-CRM/
/pt/blog/2026-06-02-NVDA.html,/ko/works/insight/archive/2026-06-02-NVDA/
/pt/blog/2026-06-02-NVDA,/ko/works/insight/archive/2026-06-02-NVDA/
/pt/blog/2026-06-02-NVDA/,/ko/works/insight/archive/2026-06-02-NVDA/
/pt/blog/2026-06-02-QCOM.html,/ko/works/insight/archive/2026-06-02-QCOM/
/pt/blog/2026-06-02-QCOM,/ko/works/insight/archive/2026-06-02-QCOM/
/pt/blog/2026-06-02-QCOM/,/ko/works/insight/archive/2026-06-02-QCOM/
/pt/blog/2026-06-03-ETH-USD.html,/ko/works/insight/archive/2026-06-03-ETH-USD/
/pt/blog/2026-06-03-ETH-USD,/ko/works/insight/archive/2026-06-03-ETH-USD/
/pt/blog/2026-06-03-ETH-USD/,/ko/works/insight/archive/2026-06-03-ETH-USD/
/pt/blog/2026-06-04-CMCSA.html,/ko/works/insight/archive/2026-06-04-CMCSA/
/pt/blog/2026-06-04-CMCSA,/ko/works/insight/archive/2026-06-04-CMCSA/
/pt/blog/2026-06-04-CMCSA/,/ko/works/insight/archive/2026-06-04-CMCSA/
/pt/blog/2026-06-05-AVGO.html,/ko/works/insight/archive/2026-06-05-AVGO/
/pt/blog/2026-06-05-AVGO,/ko/works/insight/archive/2026-06-05-AVGO/
/pt/blog/2026-06-05-AVGO/,/ko/works/insight/archive/2026-06-05-AVGO/
/pt/blog/2026-06-06-AMD.html,/ko/works/insight/archive/2026-06-06-AMD/
/pt/blog/2026-06-06-AMD,/ko/works/insight/archive/2026-06-06-AMD/
/pt/blog/2026-06-06-AMD/,/ko/works/insight/archive/2026-06-06-AMD/
/pt/blog/2026-06-06-INTC.html,/ko/works/insight/archive/2026-06-06-INTC/
/pt/blog/2026-06-06-INTC,/ko/works/insight/archive/2026-06-06-INTC/
/pt/blog/2026-06-06-INTC/,/ko/works/insight/archive/2026-06-06-INTC/
/pt/blog/2026-06-08-ORCL.html,/ko/works/insight/archive/2026-06-08-ORCL/
/pt/blog/2026-06-08-ORCL,/ko/works/insight/archive/2026-06-08-ORCL/
/pt/blog/2026-06-08-ORCL/,/ko/works/insight/archive/2026-06-08-ORCL/
/pt/blog/2026-06-09-TSLA.html,/ko/works/insight/archive/2026-06-09-TSLA/
/pt/blog/2026-06-09-TSLA,/ko/works/insight/archive/2026-06-09-TSLA/
/pt/blog/2026-06-09-TSLA/,/ko/works/insight/archive/2026-06-09-TSLA/
/pt/blog/2026-06-10-QCOM.html,/ko/works/insight/archive/2026-06-10-QCOM/
/pt/blog/2026-06-10-QCOM,/ko/works/insight/archive/2026-06-10-QCOM/
/pt/blog/2026-06-10-QCOM/,/ko/works/insight/archive/2026-06-10-QCOM/
/pt/blog/2026-06-11-GEV.html,/ko/works/insight/archive/2026-06-11-GEV/
/pt/blog/2026-06-11-GEV,/ko/works/insight/archive/2026-06-11-GEV/
/pt/blog/2026-06-11-GEV/,/ko/works/insight/archive/2026-06-11-GEV/
/pt/blog/2026-06-12-HON.html,/ko/works/insight/archive/2026-06-12-HON/
/pt/blog/2026-06-12-HON,/ko/works/insight/archive/2026-06-12-HON/
/pt/blog/2026-06-12-HON/,/ko/works/insight/archive/2026-06-12-HON/
/pt/blog/2026-06-13-ADBE.html,/ko/works/insight/archive/2026-06-13-ADBE/
/pt/blog/2026-06-13-ADBE,/ko/works/insight/archive/2026-06-13-ADBE/
/pt/blog/2026-06-13-ADBE/,/ko/works/insight/archive/2026-06-13-ADBE/
/pt/blog/2026-06-14-INTC.html,/ko/works/insight/archive/2026-06-14-INTC/
/pt/blog/2026-06-14-INTC,/ko/works/insight/archive/2026-06-14-INTC/
/pt/blog/2026-06-14-INTC/,/ko/works/insight/archive/2026-06-14-INTC/
/pt/blog/2026-06-15-AMD.html,/ko/works/insight/archive/2026-06-15-AMD/
/pt/blog/2026-06-15-AMD,/ko/works/insight/archive/2026-06-15-AMD/
/pt/blog/2026-06-15-AMD/,/ko/works/insight/archive/2026-06-15-AMD/
/pt/blog/2026-06-16-ABNB.html,/ko/works/insight/archive/2026-06-16-ABNB/
/pt/blog/2026-06-16-ABNB,/ko/works/insight/archive/2026-06-16-ABNB/
/pt/blog/2026-06-16-ABNB/,/ko/works/insight/archive/2026-06-16-ABNB/
/pt/blog/2026-06-17-AVGO.html,/ko/works/insight/archive/2026-06-17-AVGO/
/pt/blog/2026-06-17-AVGO,/ko/works/insight/archive/2026-06-17-AVGO/
/pt/blog/2026-06-17-AVGO/,/ko/works/insight/archive/2026-06-17-AVGO/
/pt/blog/2026-06-18-GEV.html,/ko/works/insight/archive/2026-06-18-GEV/
/pt/blog/2026-06-18-GEV,/ko/works/insight/archive/2026-06-18-GEV/
/pt/blog/2026-06-18-GEV/,/ko/works/insight/archive/2026-06-18-GEV/
/pt/blog/2026-06-19-ACN.html,/ko/works/insight/archive/2026-06-19-ACN/
/pt/blog/2026-06-19-ACN,/ko/works/insight/archive/2026-06-19-ACN/
/pt/blog/2026-06-19-ACN/,/ko/works/insight/archive/2026-06-19-ACN/
/pt/blog/2026-06-20-TXN.html,/ko/works/insight/archive/2026-06-20-TXN/
/pt/blog/2026-06-20-TXN,/ko/works/insight/archive/2026-06-20-TXN/
/pt/blog/2026-06-20-TXN/,/ko/works/insight/archive/2026-06-20-TXN/
/pt/blog/2026-06-21-INTC.html,/ko/works/insight/archive/2026-06-21-INTC/
/pt/blog/2026-06-21-INTC,/ko/works/insight/archive/2026-06-21-INTC/
/pt/blog/2026-06-21-INTC/,/ko/works/insight/archive/2026-06-21-INTC/
/pt/blog/2026-06-22-QCOM.html,/ko/works/insight/archive/2026-06-22-QCOM/
/pt/blog/2026-06-22-QCOM,/ko/works/insight/archive/2026-06-22-QCOM/
/pt/blog/2026-06-22-QCOM/,/ko/works/insight/archive/2026-06-22-QCOM/
/pt/blog/2026-06-23-ABBV.html,/ko/works/insight/archive/2026-06-23-ABBV/
/pt/blog/2026-06-23-ABBV,/ko/works/insight/archive/2026-06-23-ABBV/
/pt/blog/2026-06-23-ABBV/,/ko/works/insight/archive/2026-06-23-ABBV/
/pt/blog/2026-06-23-TSLA.html,/ko/works/insight/archive/2026-06-23-TSLA/
/pt/blog/2026-06-23-TSLA,/ko/works/insight/archive/2026-06-23-TSLA/
/pt/blog/2026-06-23-TSLA/,/ko/works/insight/archive/2026-06-23-TSLA/
/pt/blog/2026-06-25-HD.html,/ko/works/insight/archive/2026-06-25-HD/
/pt/blog/2026-06-25-HD,/ko/works/insight/archive/2026-06-25-HD/
/pt/blog/2026-06-25-HD/,/ko/works/insight/archive/2026-06-25-HD/
/pt/blog/2026-06-26-AAPL.html,/ko/works/insight/archive/2026-06-26-AAPL/
/pt/blog/2026-06-26-AAPL,/ko/works/insight/archive/2026-06-26-AAPL/
/pt/blog/2026-06-26-AAPL/,/ko/works/insight/archive/2026-06-26-AAPL/
/pt/blog/2026-06-26-LLY.html,/ko/works/insight/archive/2026-06-26-LLY/
/pt/blog/2026-06-26-LLY,/ko/works/insight/archive/2026-06-26-LLY/
/pt/blog/2026-06-26-LLY/,/ko/works/insight/archive/2026-06-26-LLY/
/pt/blog/2026-06-28-TXN.html,/ko/works/insight/archive/2026-06-28-TXN/
/pt/blog/2026-06-28-TXN,/ko/works/insight/archive/2026-06-28-TXN/
/pt/blog/2026-06-28-TXN/,/ko/works/insight/archive/2026-06-28-TXN/
/pt/blog/2026-06-29-HON.html,/ko/works/insight/archive/2026-06-29-HON/
/pt/blog/2026-06-29-HON,/ko/works/insight/archive/2026-06-29-HON/
/pt/blog/2026-06-29-HON/,/ko/works/insight/archive/2026-06-29-HON/
/pt/blog/2026-06-29-QCOM.html,/ko/works/insight/archive/2026-06-29-QCOM/
/pt/blog/2026-06-29-QCOM,/ko/works/insight/archive/2026-06-29-QCOM/
/pt/blog/2026-06-29-QCOM/,/ko/works/insight/archive/2026-06-29-QCOM/
/pt/blog/2026-07-01-AMD.html,/ko/works/insight/archive/2026-07-01-AMD/
/pt/blog/2026-07-01-AMD,/ko/works/insight/archive/2026-07-01-AMD/
/pt/blog/2026-07-01-AMD/,/ko/works/insight/archive/2026-07-01-AMD/
/pt/blog/2026-07-02-INTC.html,/ko/works/insight/archive/2026-07-02-INTC/
/pt/blog/2026-07-02-INTC,/ko/works/insight/archive/2026-07-02-INTC/
/pt/blog/2026-07-02-INTC/,/ko/works/insight/archive/2026-07-02-INTC/
/pt/blog/2026-07-02-TSLA.html,/ko/works/insight/archive/2026-07-02-TSLA/
/pt/blog/2026-07-02-TSLA,/ko/works/insight/archive/2026-07-02-TSLA/
/pt/blog/2026-07-02-TSLA/,/ko/works/insight/archive/2026-07-02-TSLA/
/pt/blog/2026-07-04-AAPL.html,/ko/works/insight/archive/2026-07-04-AAPL/
/pt/blog/2026-07-04-AAPL,/ko/works/insight/archive/2026-07-04-AAPL/
/pt/blog/2026-07-04-AAPL/,/ko/works/insight/archive/2026-07-04-AAPL/
/pt/blog/2026-07-04-META.html,/ko/works/insight/archive/2026-07-04-META/
/pt/blog/2026-07-04-META,/ko/works/insight/archive/2026-07-04-META/
/pt/blog/2026-07-04-META/,/ko/works/insight/archive/2026-07-04-META/
/pt/blog/2026-07-05-ACN.html,/ko/works/insight/archive/2026-07-05-ACN/
/pt/blog/2026-07-05-ACN,/ko/works/insight/archive/2026-07-05-ACN/
/pt/blog/2026-07-05-ACN/,/ko/works/insight/archive/2026-07-05-ACN/
/pt/blog/2026-07-07-GEV.html,/ko/works/insight/archive/2026-07-07-GEV/
/pt/blog/2026-07-07-GEV,/ko/works/insight/archive/2026-07-07-GEV/
/pt/blog/2026-07-07-GEV/,/ko/works/insight/archive/2026-07-07-GEV/
/pt/blog/2026-07-07-QCOM.html,/ko/works/insight/archive/2026-07-07-QCOM/
/pt/blog/2026-07-07-QCOM,/ko/works/insight/archive/2026-07-07-QCOM/
/pt/blog/2026-07-07-QCOM/,/ko/works/insight/archive/2026-07-07-QCOM/
/pt/blog/2026-07-09-VIST.html,/ko/works/insight/archive/2026-07-09-VIST/
/pt/blog/2026-07-09-VIST,/ko/works/insight/archive/2026-07-09-VIST/
/pt/blog/2026-07-09-VIST/,/ko/works/insight/archive/2026-07-09-VIST/
/pt/blog/2026-07-10-AMD.html,/ko/works/insight/archive/2026-07-10-AMD/
/pt/blog/2026-07-10-AMD,/ko/works/insight/archive/2026-07-10-AMD/
/pt/blog/2026-07-10-AMD/,/ko/works/insight/archive/2026-07-10-AMD/
/pt/blog/2026-07-10-NVDA.html,/ko/works/insight/archive/2026-07-10-NVDA/
/pt/blog/2026-07-10-NVDA,/ko/works/insight/archive/2026-07-10-NVDA/
/pt/blog/2026-07-10-NVDA/,/ko/works/insight/archive/2026-07-10-NVDA/
/pt/blog/2026-07-11-META.html,/ko/works/insight/archive/2026-07-11-META/
/pt/blog/2026-07-11-META,/ko/works/insight/archive/2026-07-11-META/
/pt/blog/2026-07-11-META/,/ko/works/insight/archive/2026-07-11-META/
/pt/blog/2026-07-12-NKE.html,/ko/works/insight/archive/2026-07-12-NKE/
/pt/blog/2026-07-12-NKE,/ko/works/insight/archive/2026-07-12-NKE/
/pt/blog/2026-07-12-NKE/,/ko/works/insight/archive/2026-07-12-NKE/
/pt/blog/2026-07-13-ORCL.html,/ko/works/insight/archive/2026-07-13-ORCL/
/pt/blog/2026-07-13-ORCL,/ko/works/insight/archive/2026-07-13-ORCL/
/pt/blog/2026-07-13-ORCL/,/ko/works/insight/archive/2026-07-13-ORCL/
/pt/blog/2026-07-14-ETH-USD.html,/ko/works/insight/archive/2026-07-14-ETH-USD/
/pt/blog/2026-07-14-ETH-USD,/ko/works/insight/archive/2026-07-14-ETH-USD/
/pt/blog/2026-07-14-ETH-USD/,/ko/works/insight/archive/2026-07-14-ETH-USD/
/pt/blog/2026-07-15-PYPL.html,/ko/works/insight/archive/2026-07-15-PYPL/
/pt/blog/2026-07-15-PYPL,/ko/works/insight/archive/2026-07-15-PYPL/
/pt/blog/2026-07-15-PYPL/,/ko/works/insight/archive/2026-07-15-PYPL/
/pt/blog/2026-07-16-ABT.html,/ko/works/insight/archive/2026-07-16-ABT/
/pt/blog/2026-07-16-ABT,/ko/works/insight/archive/2026-07-16-ABT/
/pt/blog/2026-07-16-ABT/,/ko/works/insight/archive/2026-07-16-ABT/
/pt/blog/2026-07-17-NFLX.html,/ko/works/insight/archive/2026-07-17-NFLX/
/pt/blog/2026-07-17-NFLX,/ko/works/insight/archive/2026-07-17-NFLX/
/pt/blog/2026-07-17-NFLX/,/ko/works/insight/archive/2026-07-17-NFLX/
/pt/blog/2026-07-18-KO.html,/ko/works/insight/archive/2026-07-18-KO/
/pt/blog/2026-07-18-KO,/ko/works/insight/archive/2026-07-18-KO/
/pt/blog/2026-07-18-KO/,/ko/works/insight/archive/2026-07-18-KO/
/pt/blog/2026-07-19-META.html,/ko/works/insight/archive/2026-07-19-META/
/pt/blog/2026-07-19-META,/ko/works/insight/archive/2026-07-19-META/
/pt/blog/2026-07-19-META/,/ko/works/insight/archive/2026-07-19-META/
/pt/blog/2026-07-20-ORCL.html,/ko/works/insight/archive/2026-07-20-ORCL/
/pt/blog/2026-07-20-ORCL,/ko/works/insight/archive/2026-07-20-ORCL/
/pt/blog/2026-07-20-ORCL/,/ko/works/insight/archive/2026-07-20-ORCL/
/pt/blog/2026-07-21-DHR.html,/ko/works/insight/archive/2026-07-21-DHR/
/pt/blog/2026-07-21-DHR,/ko/works/insight/archive/2026-07-21-DHR/
/pt/blog/2026-07-21-DHR/,/ko/works/insight/archive/2026-07-21-DHR/
/pt/blog/2026-07-22-GEV.html,/ko/works/insight/archive/2026-07-22-GEV/
/pt/blog/2026-07-22-GEV,/ko/works/insight/archive/2026-07-22-GEV/
/pt/blog/2026-07-22-GEV/,/ko/works/insight/archive/2026-07-22-GEV/
/pt/blog/2026-07-23-TSLA.html,/ko/works/insight/archive/2026-07-23-TSLA/
/pt/blog/2026-07-23-TSLA,/ko/works/insight/archive/2026-07-23-TSLA/
/pt/blog/2026-07-23-TSLA/,/ko/works/insight/archive/2026-07-23-TSLA/
/pt/blog/2026-07-24-INTC.html,/ko/works/insight/archive/2026-07-24-INTC/
/pt/blog/2026-07-24-INTC,/ko/works/insight/archive/2026-07-24-INTC/
/pt/blog/2026-07-24-INTC/,/ko/works/insight/archive/2026-07-24-INTC/
/pt/blog/2026-07-25-TMO.html,/ko/works/insight/archive/2026-07-25-TMO/
/pt/blog/2026-07-25-TMO,/ko/works/insight/archive/2026-07-25-TMO/
/pt/blog/2026-07-25-TMO/,/ko/works/insight/archive/2026-07-25-TMO/
/pt/blog/2026-07-26-ADBE.html,/ko/works/insight/archive/2026-07-26-ADBE/
/pt/blog/2026-07-26-ADBE,/ko/works/insight/archive/2026-07-26-ADBE/
/pt/blog/2026-07-26-ADBE/,/ko/works/insight/archive/2026-07-26-ADBE/
/pt/blog/2026-07-27-CRM.html,/ko/works/insight/archive/2026-07-27-CRM/
/pt/blog/2026-07-27-CRM,/ko/works/insight/archive/2026-07-27-CRM/
/pt/blog/2026-07-27-CRM/,/ko/works/insight/archive/2026-07-27-CRM/
/pt/blog/2026-07-28-AMD.html,/ko/works/insight/archive/2026-07-28-AMD/
/pt/blog/2026-07-28-AMD,/ko/works/insight/archive/2026-07-28-AMD/
/pt/blog/2026-07-28-AMD/,/ko/works/insight/archive/2026-07-28-AMD/
/pt/blog/2026-07-29-ACN.html,/ko/works/insight/archive/2026-07-29-ACN/
/pt/blog/2026-07-29-ACN,/ko/works/insight/archive/2026-07-29-ACN/
/pt/blog/2026-07-29-ACN/,/ko/works/insight/archive/2026-07-29-ACN/
/pt/blog/2026-07-30-MSFT.html,/ko/works/insight/archive/2026-07-30-MSFT/
/pt/blog/2026-07-30-MSFT,/ko/works/insight/archive/2026-07-30-MSFT/
/pt/blog/2026-07-30-MSFT/,/ko/works/insight/archive/2026-07-30-MSFT/
/pt/blog/beginner-01-what-is-dividend.html,/ko/learn/track-5-dividend/01-what-is-dividend/
/pt/blog/beginner-01-what-is-dividend,/ko/learn/track-5-dividend/01-what-is-dividend/
/pt/blog/beginner-01-what-is-dividend/,/ko/learn/track-5-dividend/01-what-is-dividend/
/pt/blog/beginner-02-dividend-yield.html,/ko/learn/track-5-dividend/02-dividend-yield/
/pt/blog/beginner-02-dividend-yield,/ko/learn/track-5-dividend/02-dividend-yield/
/pt/blog/beginner-02-dividend-yield/,/ko/learn/track-5-dividend/02-dividend-yield/
/pt/blog/beginner-03-payout-ratio.html,/ko/learn/track-5-dividend/03-payout-ratio/
/pt/blog/beginner-03-payout-ratio,/ko/learn/track-5-dividend/03-payout-ratio/
/pt/blog/beginner-03-payout-ratio/,/ko/learn/track-5-dividend/03-payout-ratio/
/pt/blog/beginner-04-drip.html,/ko/learn/track-5-dividend/04-drip/
/pt/blog/beginner-04-drip,/ko/learn/track-5-dividend/04-drip/
/pt/blog/beginner-04-drip/,/ko/learn/track-5-dividend/04-drip/
/pt/blog/beginner-05-dividend-aristocrats.html,/ko/learn/track-5-dividend/05-dividend-aristocrats/
/pt/blog/beginner-05-dividend-aristocrats,/ko/learn/track-5-dividend/05-dividend-aristocrats/
/pt/blog/beginner-05-dividend-aristocrats/,/ko/learn/track-5-dividend/05-dividend-aristocrats/
/pt/blog/beginner-06-yield-on-cost.html,/ko/learn/track-5-dividend/06-yield-on-cost/
/pt/blog/beginner-06-yield-on-cost,/ko/learn/track-5-dividend/06-yield-on-cost/
/pt/blog/beginner-06-yield-on-cost/,/ko/learn/track-5-dividend/06-yield-on-cost/
/pt/blog/beginner-07-dividend-calendar.html,/ko/learn/track-5-dividend/07-dividend-calendar/
/pt/blog/beginner-07-dividend-calendar,/ko/learn/track-5-dividend/07-dividend-calendar/
/pt/blog/beginner-07-dividend-calendar/,/ko/learn/track-5-dividend/07-dividend-calendar/
/pt/blog/beginner-08-sector-diversification.html,/ko/learn/track-5-dividend/08-sector-diversification/
/pt/blog/beginner-08-sector-diversification,/ko/learn/track-5-dividend/08-sector-diversification/
/pt/blog/beginner-08-sector-diversification/,/ko/learn/track-5-dividend/08-sector-diversification/
/pt/blog/beginner-09-us-tax.html,/ko/learn/track-5-dividend/09-us-tax/
/pt/blog/beginner-09-us-tax,/ko/learn/track-5-dividend/09-us-tax/
/pt/blog/beginner-09-us-tax/,/ko/learn/track-5-dividend/09-us-tax/
/pt/blog/beginner-10-start-portfolio.html,/ko/learn/track-5-dividend/10-start-portfolio/
/pt/blog/beginner-10-start-portfolio,/ko/learn/track-5-dividend/10-start-portfolio/
/pt/blog/beginner-10-start-portfolio/,/ko/learn/track-5-dividend/10-start-portfolio/
/pt/blog/compound-interest-power-pt.html,/ko/learn/track-5-dividend/
/pt/blog/compound-interest-power-pt,/ko/learn/track-5-dividend/
/pt/blog/compound-interest-power-pt/,/ko/learn/track-5-dividend/
/pt/blog/dividend-trap-guide-pt.html,/ko/learn/track-5-dividend/
/pt/blog/dividend-trap-guide-pt,/ko/learn/track-5-dividend/
/pt/blog/dividend-trap-guide-pt/,/ko/learn/track-5-dividend/
/pt/blog/faq-01-high-yield-trap.html,/ko/learn/track-5-dividend/
/pt/blog/faq-01-high-yield-trap,/ko/learn/track-5-dividend/
/pt/blog/faq-01-high-yield-trap/,/ko/learn/track-5-dividend/
/pt/blog/faq-02-dividend-growth-vs-high-yield.html,/ko/learn/track-5-dividend/
/pt/blog/faq-02-dividend-growth-vs-high-yield,/ko/learn/track-5-dividend/
/pt/blog/faq-02-dividend-growth-vs-high-yield/,/ko/learn/track-5-dividend/
/pt/blog/faq-03-drip-snowball-effect.html,/ko/learn/track-5-dividend/
/pt/blog/faq-03-drip-snowball-effect,/ko/learn/track-5-dividend/
/pt/blog/faq-03-drip-snowball-effect/,/ko/learn/track-5-dividend/
/pt/blog/faq-04-us-dividend-tax.html,/ko/learn/track-5-dividend/
/pt/blog/faq-04-us-dividend-tax,/ko/learn/track-5-dividend/
/pt/blog/faq-04-us-dividend-tax/,/ko/learn/track-5-dividend/
/pt/blog/faq-05-reits-ffo-affo.html,/ko/learn/track-5-dividend/
/pt/blog/faq-05-reits-ffo-affo,/ko/learn/track-5-dividend/
/pt/blog/faq-05-reits-ffo-affo/,/ko/learn/track-5-dividend/
/pt/blog/faq-06-exchange-rate-impact.html,/ko/learn/track-5-dividend/
/pt/blog/faq-06-exchange-rate-impact,/ko/learn/track-5-dividend/
/pt/blog/faq-06-exchange-rate-impact/,/ko/learn/track-5-dividend/
/pt/blog/monthly-apr.html,/ko/learn/track-5-dividend/
/pt/blog/monthly-apr,/ko/learn/track-5-dividend/
/pt/blog/monthly-apr/,/ko/learn/track-5-dividend/
/pt/blog/monthly-feb.html,/ko/learn/track-5-dividend/
/pt/blog/monthly-feb,/ko/learn/track-5-dividend/
/pt/blog/monthly-feb/,/ko/learn/track-5-dividend/
/pt/blog/monthly-jan.html,/ko/learn/track-5-dividend/
/pt/blog/monthly-jan,/ko/learn/track-5-dividend/
/pt/blog/monthly-jan/,/ko/learn/track-5-dividend/
/pt/blog/monthly-mar.html,/ko/learn/track-5-dividend/
/pt/blog/monthly-mar,/ko/learn/track-5-dividend/
/pt/blog/monthly-mar/,/ko/learn/track-5-dividend/
/pt/blog/monthly-may.html,/ko/learn/track-5-dividend/
/pt/blog/monthly-may,/ko/learn/track-5-dividend/
/pt/blog/monthly-may/,/ko/learn/track-5-dividend/
/pt/blog/sector-consumer-staples.html,/ko/learn/track-5-dividend/
/pt/blog/sector-consumer-staples,/ko/learn/track-5-dividend/
/pt/blog/sector-consumer-staples/,/ko/learn/track-5-dividend/
/pt/blog/sector-energy.html,/ko/learn/track-5-dividend/
/pt/blog/sector-energy,/ko/learn/track-5-dividend/
/pt/blog/sector-energy/,/ko/learn/track-5-dividend/
/pt/blog/sector-financial.html,/ko/learn/track-5-dividend/
/pt/blog/sector-financial,/ko/learn/track-5-dividend/
/pt/blog/sector-financial/,/ko/learn/track-5-dividend/
/pt/blog/sector-healthcare.html,/ko/learn/track-5-dividend/
/pt/blog/sector-healthcare,/ko/learn/track-5-dividend/
/pt/blog/sector-healthcare/,/ko/learn/track-5-dividend/
/pt/blog/sector-industrials.html,/ko/learn/track-5-dividend/
/pt/blog/sector-industrials,/ko/learn/track-5-dividend/
/pt/blog/sector-industrials/,/ko/learn/track-5-dividend/
/pt/blog/sector-reits.html,/ko/learn/track-5-dividend/
/pt/blog/sector-reits,/ko/learn/track-5-dividend/
/pt/blog/sector-reits/,/ko/learn/track-5-dividend/
/pt/blog/sector-technology.html,/ko/learn/track-5-dividend/
/pt/blog/sector-technology,/ko/learn/track-5-dividend/
/pt/blog/sector-technology/,/ko/learn/track-5-dividend/
/pt/blog/sector-utility.html,/ko/learn/track-5-dividend/
/pt/blog/sector-utility,/ko/learn/track-5-dividend/
/pt/blog/sector-utility/,/ko/learn/track-5-dividend/
